Episode, (Transfer RGB), (Transfer RGBD), (Transfer RGB)/episode, (Transfer RGBD)/episode,,,,,,Episode, (Transfer RGB)/episode, (Transfer RGBD)/episode
1,3.60E+01,3.50E+01,0,0,,,,,,1,0,0
2,6.10E+01,7.00E+01,2.50E+01,3.50E+01,,,,,,2,25,35
3,8.00E+01,1.00E+02,1.90E+01,3.00E+01,,,,,,3,19,30
4,1.12E+02,1.39E+02,3.20E+01,3.90E+01,,,,,,4,32,39
5,1.38E+02,1.71E+02,2.60E+01,3.20E+01,,,,,,5,26,32
6,1.64E+02,2.07E+02,2.60E+01,3.60E+01,,,,,,6,26,36
7,1.90E+02,2.49E+02,2.60E+01,4.20E+01,,,,,,7,26,42
8,2.11E+02,3.04E+02,2.10E+01,5.50E+01,,,,,,8,21,55
9,2.33E+02,3.60E+02,2.20E+01,5.60E+01,,,,,,9,22,56
10,2.53E+02,4.06E+02,2.00E+01,4.60E+01,,,,,,10,20,46
11,2.73E+02,4.69E+02,2.00E+01,6.30E+01,,,,,,11,20,63
12,2.92E+02,5.25E+02,1.90E+01,5.60E+01,,,,,,12,19,56
13,3.15E+02,5.79E+02,2.30E+01,5.40E+01,,,,,,13,23,54
14,3.36E+02,6.28E+02,2.10E+01,4.90E+01,,,,,,14,21,49
15,3.63E+02,6.85E+02,2.70E+01,5.70E+01,,,,,,15,27,57
16,3.85E+02,7.50E+02,2.20E+01,6.50E+01,,,,,,16,22,65
17,4.02E+02,8.21E+02,1.70E+01,7.10E+01,,,,,,17,17,71
18,4.24E+02,9.02E+02,2.20E+01,8.10E+01,,,,,,18,22,81
19,4.50E+02,9.80E+02,2.60E+01,7.80E+01,,,,,,19,26,78
20,4.83E+02,1.06E+03,3.30E+01,8.40E+01,,,,,,20,33,84
21,5.17E+02,1.15E+03,3.40E+01,8.10E+01,,,,,,21,34,81
22,5.37E+02,1.22E+03,2.00E+01,7.00E+01,,,,,,22,20,70
23,5.78E+02,1.30E+03,4.10E+01,8.10E+01,,,,,,23,41,81
24,6.02E+02,1.37E+03,2.40E+01,7.10E+01,,,,,,24,24,71
25,6.38E+02,1.45E+03,3.60E+01,7.90E+01,,,,,,25,36,79
26,6.61E+02,1.52E+03,2.30E+01,7.00E+01,,,,,,26,23,70
27,6.87E+02,1.59E+03,2.60E+01,7.20E+01,,,,,,27,26,72
28,7.18E+02,1.65E+03,3.10E+01,6.10E+01,,,,,,28,31,61
29,7.40E+02,1.71E+03,2.20E+01,5.80E+01,,,,,,29,22,58
30,7.66E+02,1.76E+03,2.60E+01,5.50E+01,,,,,,30,26,55
31,8.03E+02,1.81E+03,3.70E+01,4.50E+01,,,,,,31,37,45
32,8.35E+02,1.87E+03,3.20E+01,5.80E+01,,,,,,32,32,58
33,8.67E+02,1.91E+03,3.20E+01,4.50E+01,,,,,,33,32,45
34,8.99E+02,1.97E+03,3.20E+01,5.60E+01,,,,,,34,32,56
35,9.25E+02,2.02E+03,2.60E+01,5.30E+01,,,,,,35,26,53
36,9.63E+02,2.07E+03,3.80E+01,4.90E+01,,,,,,36,38,49
37,9.95E+02,2.11E+03,3.20E+01,4.20E+01,,,,,,37,32,42
38,1.03E+03,2.14E+03,3.30E+01,3.00E+01,,,,,,38,33,30
39,1.06E+03,2.19E+03,3.20E+01,4.70E+01,,,,,,39,32,47
40,1.10E+03,2.25E+03,3.50E+01,6.20E+01,,,,,,40,35,62
41,1.13E+03,2.32E+03,3.10E+01,7.40E+01,,,,,,41,31,74
42,1.16E+03,2.38E+03,3.10E+01,5.70E+01,,,,,,42,31,57
43,1.19E+03,2.44E+03,2.80E+01,5.60E+01,,,,,,43,28,56
44,1.22E+03,2.50E+03,3.10E+01,6.70E+01,,,,,,44,31,67
45,1.25E+03,2.54E+03,3.60E+01,3.50E+01,,,,,,45,36,35
46,1.28E+03,2.58E+03,3.20E+01,4.10E+01,,,,,,46,32,41
47,1.32E+03,2.63E+03,3.20E+01,5.30E+01,,,,,,47,32,53
48,1.36E+03,2.69E+03,4.00E+01,5.90E+01,,,,,,48,40,59
49,1.39E+03,2.75E+03,3.30E+01,5.80E+01,,,,,,49,33,58
50,1.42E+03,2.81E+03,3.30E+01,5.90E+01,,,,,,50,33,59
51,1.44E+03,2.85E+03,2.20E+01,4.30E+01,,,,,,51,22,43
52,1.47E+03,2.89E+03,2.40E+01,4.30E+01,,,,,,52,24,43
53,1.50E+03,2.93E+03,3.00E+01,3.50E+01,,,,,,53,30,35
54,1.53E+03,2.96E+03,3.30E+01,3.50E+01,,,,,,54,33,35
55,1.56E+03,3.00E+03,2.60E+01,4.00E+01,,,,,,55,26,40
56,1.58E+03,3.04E+03,1.80E+01,4.00E+01,,,,,,56,18,40
57,1.61E+03,3.09E+03,3.10E+01,4.40E+01,,,,,,57,31,44
58,1.64E+03,3.12E+03,3.00E+01,3.40E+01,,,,,,58,30,34
59,1.66E+03,3.17E+03,2.30E+01,4.80E+01,,,,,,59,23,48
60,1.68E+03,3.20E+03,2.50E+01,3.30E+01,,,,,,60,25,33
61,1.72E+03,3.25E+03,3.50E+01,4.90E+01,,,,,,61,35,49
62,1.74E+03,3.29E+03,2.20E+01,3.70E+01,,,,,,62,22,37
63,1.78E+03,3.34E+03,3.40E+01,4.90E+01,,,,,,63,34,49
64,1.82E+03,3.38E+03,4.00E+01,4.50E+01,,,,,,64,40,45
65,1.85E+03,3.43E+03,3.90E+01,4.30E+01,,,,,,65,39,43
66,1.89E+03,3.46E+03,3.90E+01,3.40E+01,,,,,,66,39,34
67,1.93E+03,3.50E+03,3.30E+01,4.00E+01,,,,,,67,33,40
68,1.97E+03,3.54E+03,4.00E+01,4.10E+01,,,,,,68,40,41
69,2.01E+03,3.59E+03,4.00E+01,4.80E+01,,,,,,69,40,48
70,2.04E+03,3.63E+03,3.10E+01,3.80E+01,,,,,,70,31,38
71,2.07E+03,3.67E+03,3.00E+01,4.00E+01,,,,,,71,30,40
72,2.10E+03,3.69E+03,3.60E+01,2.20E+01,,,,,,72,36,22
73,2.14E+03,3.73E+03,3.20E+01,3.70E+01,,,,,,73,32,37
74,2.17E+03,3.75E+03,3.70E+01,2.80E+01,,,,,,74,37,28
75,2.21E+03,3.80E+03,3.40E+01,4.10E+01,,,,,,75,34,41
76,2.24E+03,3.82E+03,2.90E+01,2.80E+01,,,,,,76,29,28
77,2.26E+03,3.84E+03,2.70E+01,1.30E+01,,,,,,77,27,13
78,2.29E+03,3.86E+03,2.80E+01,2.10E+01,,,,,,78,28,21
79,2.32E+03,3.87E+03,3.10E+01,1.10E+01,,,,,,79,31,11
80,2.35E+03,3.87E+03,3.30E+01,3.00E+00,,,,,,80,33,3
81,2.38E+03,3.87E+03,2.80E+01,0.00E+00,,,,,,81,28,0
82,2.41E+03,3.88E+03,3.20E+01,7.00E+00,,,,,,82,32,7
83,2.45E+03,3.90E+03,3.10E+01,2.30E+01,,,,,,83,31,23
84,2.48E+03,3.92E+03,3.60E+01,1.80E+01,,,,,,84,36,18
85,2.52E+03,3.94E+03,3.40E+01,2.20E+01,,,,,,85,34,22
86,2.56E+03,3.95E+03,4.10E+01,5.00E+00,,,,,,86,41,5
87,2.60E+03,3.95E+03,4.60E+01,4.00E+00,,,,,,87,46,4
88,2.63E+03,3.96E+03,2.80E+01,1.40E+01,,,,,,88,28,14
89,2.66E+03,3.99E+03,2.80E+01,2.60E+01,,,,,,89,28,26
90,2.69E+03,4.00E+03,2.80E+01,1.40E+01,,,,,,90,28,14
91,2.73E+03,4.03E+03,3.90E+01,2.50E+01,,,,,,91,39,25
92,2.77E+03,4.04E+03,4.20E+01,1.50E+01,,,,,,92,42,15
93,2.82E+03,4.06E+03,5.00E+01,1.90E+01,,,,,,93,50,19
94,2.86E+03,4.09E+03,4.10E+01,2.40E+01,,,,,,94,41,24
95,2.90E+03,4.11E+03,3.80E+01,2.20E+01,,,,,,95,38,22
96,2.94E+03,4.14E+03,4.40E+01,3.20E+01,,,,,,96,44,32
97,2.99E+03,4.16E+03,4.90E+01,2.20E+01,,,,,,97,49,22
98,3.03E+03,4.19E+03,4.40E+01,2.90E+01,,,,,,98,44,29
99,3.09E+03,4.23E+03,6.00E+01,4.00E+01,,,,,,99,60,40
100,3.15E+03,4.28E+03,5.30E+01,4.30E+01,,,,,,100,53,43
101,3.21E+03,4.30E+03,6.00E+01,2.30E+01,,,,,,101,60,23
102,3.26E+03,4.33E+03,5.60E+01,3.00E+01,,,,,,102,56,30
103,3.32E+03,4.35E+03,5.40E+01,2.00E+01,,,,,,103,54,20
104,3.37E+03,4.37E+03,5.70E+01,2.00E+01,,,,,,104,57,20
105,3.41E+03,4.38E+03,4.00E+01,1.50E+01,,,,,,105,40,15
106,3.46E+03,4.41E+03,4.20E+01,2.80E+01,,,,,,106,42,28
107,3.50E+03,4.43E+03,4.60E+01,2.10E+01,,,,,,107,46,21
108,3.55E+03,4.44E+03,4.90E+01,1.20E+01,,,,,,108,49,12
109,3.59E+03,4.46E+03,4.30E+01,1.80E+01,,,,,,109,43,18
110,3.64E+03,4.48E+03,4.90E+01,1.70E+01,,,,,,110,49,17
111,3.68E+03,4.50E+03,4.20E+01,1.70E+01,,,,,,111,42,17
112,3.74E+03,4.51E+03,5.60E+01,1.30E+01,,,,,,112,56,13
113,3.78E+03,4.51E+03,3.90E+01,0.00E+00,,,,,,113,39,0
114,3.83E+03,4.52E+03,5.20E+01,9.00E+00,,,,,,114,52,9
115,3.87E+03,4.54E+03,4.20E+01,1.70E+01,,,,,,115,42,17
116,3.92E+03,4.55E+03,4.60E+01,1.30E+01,,,,,,116,46,13
117,3.96E+03,4.56E+03,3.70E+01,1.20E+01,,,,,,117,37,12
118,4.01E+03,4.58E+03,5.00E+01,1.90E+01,,,,,,118,50,19
119,4.04E+03,4.59E+03,3.70E+01,1.40E+01,,,,,,119,37,14
120,4.06E+03,4.60E+03,2.00E+01,5.00E+00,,,,,,120,20,5
121,4.09E+03,4.61E+03,3.00E+01,1.60E+01,,,,,,121,30,16
122,4.13E+03,4.62E+03,3.90E+01,9.00E+00,,,,,,122,39,9
123,4.15E+03,4.65E+03,2.10E+01,2.90E+01,,,,,,123,21,29
124,4.17E+03,4.66E+03,1.60E+01,1.00E+01,,,,,,124,16,10
125,4.19E+03,4.67E+03,2.00E+01,1.10E+01,,,,,,125,20,11
126,4.22E+03,4.70E+03,3.00E+01,2.80E+01,,,,,,126,30,28
127,4.25E+03,4.72E+03,2.60E+01,1.50E+01,,,,,,127,26,15
128,4.26E+03,4.73E+03,1.30E+01,1.40E+01,,,,,,128,13,14
129,4.28E+03,4.74E+03,2.00E+01,1.30E+01,,,,,,129,20,13
130,4.29E+03,4.76E+03,1.30E+01,1.80E+01,,,,,,130,13,18
131,4.31E+03,4.79E+03,1.80E+01,2.90E+01,,,,,,131,18,29
132,4.33E+03,4.79E+03,2.10E+01,2.00E+00,,,,,,132,21,2
133,4.35E+03,4.81E+03,1.50E+01,1.70E+01,,,,,,133,15,17
134,4.37E+03,4.84E+03,2.00E+01,3.50E+01,,,,,,134,20,35
135,4.38E+03,4.88E+03,1.20E+01,3.40E+01,,,,,,135,12,34
136,4.40E+03,4.92E+03,2.50E+01,4.00E+01,,,,,,136,25,40
137,4.41E+03,4.94E+03,7.00E+00,2.20E+01,,,,,,137,7,22
138,4.43E+03,4.98E+03,1.70E+01,3.70E+01,,,,,,138,17,37
139,4.43E+03,5.00E+03,6.00E+00,1.90E+01,,,,,,139,6,19
140,4.45E+03,5.02E+03,1.50E+01,2.50E+01,,,,,,140,15,25
141,4.47E+03,5.04E+03,2.00E+01,1.60E+01,,,,,,141,20,16
142,4.49E+03,5.06E+03,2.00E+01,2.70E+01,,,,,,142,20,27
143,4.50E+03,5.08E+03,1.10E+01,1.50E+01,,,,,,143,11,15
144,4.51E+03,5.08E+03,1.30E+01,3.00E+00,,,,,,144,13,3
145,4.53E+03,5.10E+03,1.80E+01,1.50E+01,,,,,,145,18,15
146,4.55E+03,5.11E+03,1.60E+01,1.30E+01,,,,,,146,16,13
147,4.56E+03,5.13E+03,1.20E+01,1.70E+01,,,,,,147,12,17
148,4.56E+03,5.15E+03,2.00E+00,2.10E+01,,,,,,148,2,21
149,4.57E+03,5.16E+03,9.00E+00,1.50E+01,,,,,,149,9,15
150,4.57E+03,5.19E+03,0.00E+00,2.40E+01,,,,,,150,0,24
151,4.57E+03,5.21E+03,6.00E+00,2.20E+01,,,,,,151,6,22
152,4.58E+03,5.24E+03,1.00E+00,2.90E+01,,,,,,152,1,29
153,4.58E+03,5.27E+03,2.00E+00,2.80E+01,,,,,,153,2,28
154,4.58E+03,5.28E+03,2.00E+00,1.80E+01,,,,,,154,2,18
155,4.59E+03,5.30E+03,1.10E+01,1.10E+01,,,,,,155,11,11
156,4.60E+03,5.31E+03,1.00E+01,1.50E+01,,,,,,156,10,15
157,4.61E+03,5.32E+03,7.00E+00,5.00E+00,,,,,,157,7,5
158,4.61E+03,5.34E+03,1.00E+00,2.30E+01,,,,,,158,1,23
159,4.62E+03,5.35E+03,1.00E+01,1.20E+01,,,,,,159,10,12
160,4.62E+03,5.35E+03,6.00E+00,4.00E+00,,,,,,160,6,4
161,4.64E+03,5.39E+03,1.40E+01,3.80E+01,,,,,,161,14,38
162,4.65E+03,5.47E+03,1.00E+01,7.70E+01,,,,,,162,10,77
163,4.65E+03,5.54E+03,6.00E+00,7.10E+01,,,,,,163,6,71
164,4.65E+03,5.62E+03,0.00E+00,7.70E+01,,,,,,164,0,77
165,4.66E+03,5.68E+03,3.00E+00,6.00E+01,,,,,,165,3,60
166,4.66E+03,5.74E+03,7.00E+00,6.70E+01,,,,,,166,7,67
167,4.67E+03,5.81E+03,1.00E+01,6.90E+01,,,,,,167,10,69
168,4.68E+03,5.87E+03,2.00E+00,5.60E+01,,,,,,168,2,56
169,4.68E+03,5.93E+03,4.00E+00,5.80E+01,,,,,,169,4,58
170,4.68E+03,5.98E+03,2.00E+00,5.50E+01,,,,,,170,2,55
171,4.68E+03,6.04E+03,0.00E+00,5.30E+01,,,,,,171,0,53
172,4.69E+03,6.09E+03,3.00E+00,5.00E+01,,,,,,172,3,50
173,4.69E+03,6.15E+03,7.00E+00,6.50E+01,,,,,,173,7,65
174,4.69E+03,6.20E+03,2.00E+00,5.00E+01,,,,,,174,2,50
175,4.70E+03,6.26E+03,6.00E+00,6.10E+01,,,,,,175,6,61
176,4.71E+03,6.31E+03,5.00E+00,5.10E+01,,,,,,176,5,51
177,4.71E+03,6.35E+03,4.00E+00,4.10E+01,,,,,,177,4,41
178,4.71E+03,6.36E+03,4.00E+00,5.00E+00,,,,,,178,4,5
179,4.72E+03,6.37E+03,6.00E+00,9.00E+00,,,,,,179,6,9
180,4.72E+03,6.37E+03,2.00E+00,0.00E+00,,,,,,180,2,0
181,4.73E+03,6.38E+03,4.00E+00,1.10E+01,,,,,,181,4,11
182,4.73E+03,6.39E+03,4.00E+00,9.00E+00,,,,,,182,4,9
183,4.73E+03,6.40E+03,4.00E+00,1.70E+01,,,,,,183,4,17
184,4.73E+03,6.42E+03,1.00E+00,1.20E+01,,,,,,184,1,12
185,4.74E+03,6.42E+03,1.00E+00,5.00E+00,,,,,,185,1,5
186,4.74E+03,6.42E+03,3.00E+00,3.00E+00,,,,,,186,3,3
187,4.74E+03,6.43E+03,1.00E+00,1.00E+00,,,,,,187,1,1
188,4.75E+03,6.44E+03,7.00E+00,1.00E+01,,,,,,188,7,10
189,4.75E+03,6.44E+03,4.00E+00,0.00E+00,,,,,,189,4,0
190,4.75E+03,6.44E+03,1.00E+00,0.00E+00,,,,,,190,1,0
191,4.75E+03,6.44E+03,2.00E+00,1.00E+00,,,,,,191,2,1
192,4.76E+03,6.45E+03,2.00E+00,1.20E+01,,,,,,192,2,12
193,4.76E+03,6.46E+03,0.00E+00,1.50E+01,,,,,,193,0,15
194,4.76E+03,6.47E+03,0.00E+00,4.00E+00,,,,,,194,0,4
195,4.76E+03,6.48E+03,2.00E+00,1.10E+01,,,,,,195,2,11
196,4.76E+03,6.48E+03,1.00E+00,0.00E+00,,,,,,196,1,0
197,4.76E+03,6.48E+03,1.00E+00,0.00E+00,,,,,,197,1,0
198,4.76E+03,6.48E+03,0.00E+00,0.00E+00,,,,,,198,0,0
199,4.76E+03,6.49E+03,0.00E+00,1.10E+01,,,,,,199,0,11
200,4.76E+03,6.50E+03,3.00E+00,1.40E+01,,,,,,200,3,14
201,4.76E+03,6.52E+03,1.00E+00,1.70E+01,,,,,,201,1,17
202,4.76E+03,6.54E+03,0.00E+00,1.60E+01,,,,,,202,0,16
203,4.76E+03,6.54E+03,1.00E+00,3.00E+00,,,,,,203,1,3
204,4.76E+03,6.54E+03,0.00E+00,0.00E+00,,,,,,204,0,0
205,4.76E+03,6.54E+03,0.00E+00,0.00E+00,,,,,,205,0,0
206,4.76E+03,6.54E+03,0.00E+00,1.00E+00,,,,,,206,0,1
207,4.77E+03,6.56E+03,1.00E+00,2.10E+01,,,,,,207,1,21
208,4.77E+03,6.60E+03,0.00E+00,3.60E+01,,,,,,208,0,36
209,4.77E+03,6.63E+03,0.00E+00,3.10E+01,,,,,,209,0,31
210,4.77E+03,6.65E+03,0.00E+00,2.20E+01,,,,,,210,0,22
211,4.77E+03,6.68E+03,1.00E+00,3.20E+01,,,,,,211,1,32
212,4.77E+03,6.71E+03,0.00E+00,2.80E+01,,,,,,212,0,28
213,4.77E+03,6.73E+03,0.00E+00,2.10E+01,,,,,,213,0,21
214,4.77E+03,6.76E+03,1.00E+00,2.60E+01,,,,,,214,1,26
215,4.77E+03,6.76E+03,1.00E+00,3.00E+00,,,,,,215,1,3
216,4.77E+03,6.78E+03,3.00E+00,1.50E+01,,,,,,216,3,15
217,4.77E+03,6.80E+03,1.00E+00,2.30E+01,,,,,,217,1,23
218,4.77E+03,6.84E+03,0.00E+00,4.10E+01,,,,,,218,0,41
219,4.77E+03,6.87E+03,1.00E+00,2.80E+01,,,,,,219,1,28
220,4.77E+03,6.89E+03,0.00E+00,2.70E+01,,,,,,220,0,27
221,4.77E+03,6.92E+03,0.00E+00,2.40E+01,,,,,,221,0,24
222,4.77E+03,6.94E+03,0.00E+00,2.40E+01,,,,,,222,0,24
223,4.77E+03,6.95E+03,1.00E+00,1.00E+01,,,,,,223,1,10
224,4.78E+03,6.95E+03,2.00E+00,0.00E+00,,,,,,224,2,0
225,4.78E+03,6.96E+03,0.00E+00,1.20E+01,,,,,,225,0,12
226,4.78E+03,6.97E+03,0.00E+00,6.00E+00,,,,,,226,0,6
227,4.78E+03,6.97E+03,2.00E+00,0.00E+00,,,,,,227,2,0
228,4.79E+03,6.97E+03,1.00E+01,0.00E+00,,,,,,228,10,0
229,4.79E+03,6.97E+03,6.00E+00,2.00E+00,,,,,,229,6,2
230,4.80E+03,6.97E+03,3.00E+00,0.00E+00,,,,,,230,3,0
231,4.80E+03,6.97E+03,7.00E+00,0.00E+00,,,,,,231,7,0
232,4.80E+03,6.98E+03,0.00E+00,8.00E+00,,,,,,232,0,8
233,4.81E+03,7.00E+03,6.00E+00,2.40E+01,,,,,,233,6,24
234,4.81E+03,7.00E+03,2.00E+00,0.00E+00,,,,,,234,2,0
235,4.82E+03,7.04E+03,4.00E+00,3.40E+01,,,,,,235,4,34
236,4.82E+03,7.06E+03,8.00E+00,1.90E+01,,,,,,236,8,19
237,4.84E+03,7.06E+03,1.30E+01,0.00E+00,,,,,,237,13,0
238,4.84E+03,7.07E+03,0.00E+00,1.00E+01,,,,,,238,0,10
239,4.84E+03,7.07E+03,0.00E+00,7.00E+00,,,,,,239,0,7
240,4.84E+03,7.09E+03,7.00E+00,2.00E+01,,,,,,240,7,20
241,4.85E+03,7.10E+03,7.00E+00,2.00E+00,,,,,,241,7,2
242,4.86E+03,7.10E+03,8.00E+00,0.00E+00,,,,,,242,8,0
243,4.87E+03,7.10E+03,1.00E+01,5.00E+00,,,,,,243,10,5
244,4.88E+03,7.11E+03,1.00E+01,6.00E+00,,,,,,244,10,6
245,4.88E+03,7.11E+03,2.00E+00,0.00E+00,,,,,,245,2,0
246,4.88E+03,7.11E+03,1.00E+00,0.00E+00,,,,,,246,1,0
247,4.88E+03,7.13E+03,2.00E+00,2.60E+01,,,,,,247,2,26
248,4.90E+03,7.15E+03,1.10E+01,1.50E+01,,,,,,248,11,15
249,4.90E+03,7.15E+03,0.00E+00,0.00E+00,,,,,,249,0,0
250,4.90E+03,7.16E+03,0.00E+00,1.50E+01,,,,,,250,0,15
251,4.90E+03,7.19E+03,0.00E+00,2.40E+01,,,,,,251,0,24
252,4.90E+03,7.22E+03,9.00E+00,3.30E+01,,,,,,252,9,33
253,4.91E+03,7.24E+03,1.00E+00,2.20E+01,,,,,,253,1,22
254,4.92E+03,7.26E+03,1.00E+01,2.10E+01,,,,,,254,10,21
255,4.92E+03,7.28E+03,9.00E+00,2.10E+01,,,,,,255,9,21
256,4.93E+03,7.30E+03,7.00E+00,1.70E+01,,,,,,256,7,17
257,4.94E+03,7.32E+03,8.00E+00,1.80E+01,,,,,,257,8,18
258,4.94E+03,7.34E+03,3.00E+00,1.90E+01,,,,,,258,3,19
259,4.94E+03,7.36E+03,0.00E+00,2.20E+01,,,,,,259,0,22
260,4.94E+03,7.39E+03,0.00E+00,2.60E+01,,,,,,260,0,26
261,4.94E+03,7.40E+03,2.00E+00,9.00E+00,,,,,,261,2,9
262,4.94E+03,7.40E+03,0.00E+00,0.00E+00,,,,,,262,0,0
263,4.94E+03,7.40E+03,0.00E+00,0.00E+00,,,,,,263,0,0
264,4.94E+03,7.40E+03,0.00E+00,0.00E+00,,,,,,264,0,0
265,4.95E+03,7.44E+03,7.00E+00,4.60E+01,,,,,,265,7,46
266,4.95E+03,7.45E+03,0.00E+00,1.20E+01,,,,,,266,0,12
267,4.95E+03,7.48E+03,1.00E+00,2.20E+01,,,,,,267,1,22
268,4.96E+03,7.49E+03,6.00E+00,1.70E+01,,,,,,268,6,17
269,4.96E+03,7.50E+03,1.00E+00,1.10E+01,,,,,,269,1,11
270,4.96E+03,7.54E+03,0.00E+00,3.60E+01,,,,,,270,0,36
271,4.96E+03,7.56E+03,0.00E+00,2.10E+01,,,,,,271,0,21
272,4.96E+03,7.58E+03,3.00E+00,1.70E+01,,,,,,272,3,17
273,4.97E+03,7.59E+03,7.00E+00,1.10E+01,,,,,,273,7,11
274,4.97E+03,7.59E+03,2.00E+00,0.00E+00,,,,,,274,2,0
275,4.97E+03,7.60E+03,0.00E+00,8.00E+00,,,,,,275,0,8
276,4.98E+03,7.63E+03,6.00E+00,3.40E+01,,,,,,276,6,34
277,4.99E+03,7.64E+03,1.00E+01,9.00E+00,,,,,,277,10,9
278,4.99E+03,7.66E+03,0.00E+00,1.90E+01,,,,,,278,0,19
279,4.99E+03,7.67E+03,6.00E+00,1.40E+01,,,,,,279,6,14
280,5.00E+03,7.69E+03,3.00E+00,1.30E+01,,,,,,280,3,13
281,5.00E+03,7.72E+03,8.00E+00,3.00E+01,,,,,,281,8,30
282,5.01E+03,7.74E+03,2.00E+00,2.10E+01,,,,,,282,2,21
283,5.02E+03,7.75E+03,9.00E+00,1.20E+01,,,,,,283,9,12
284,5.02E+03,7.75E+03,3.00E+00,0.00E+00,,,,,,284,3,0
285,5.02E+03,7.76E+03,4.00E+00,8.00E+00,,,,,,285,4,8
286,5.02E+03,7.79E+03,1.00E+00,3.10E+01,,,,,,286,1,31
287,5.03E+03,7.82E+03,6.00E+00,3.60E+01,,,,,,287,6,36
288,5.03E+03,7.86E+03,5.00E+00,3.30E+01,,,,,,288,5,33
289,5.04E+03,7.89E+03,5.00E+00,2.90E+01,,,,,,289,5,29
290,5.04E+03,7.91E+03,5.00E+00,2.90E+01,,,,,,290,5,29
291,5.05E+03,7.94E+03,2.00E+00,2.20E+01,,,,,,291,2,22
292,5.05E+03,7.95E+03,8.00E+00,1.70E+01,,,,,,292,8,17
293,5.06E+03,7.99E+03,6.00E+00,3.40E+01,,,,,,293,6,34
294,5.06E+03,8.02E+03,2.00E+00,3.10E+01,,,,,,294,2,31
295,5.06E+03,8.04E+03,0.00E+00,2.40E+01,,,,,,295,0,24
296,5.06E+03,8.08E+03,0.00E+00,3.80E+01,,,,,,296,0,38
297,5.06E+03,8.11E+03,1.00E+00,3.30E+01,,,,,,297,1,33
298,5.07E+03,8.13E+03,2.00E+00,1.20E+01,,,,,,298,2,12
299,5.07E+03,8.14E+03,1.00E+00,1.40E+01,,,,,,299,1,14
300,5.07E+03,8.17E+03,1.00E+00,2.70E+01,,,,,,300,1,27
301,5.07E+03,8.17E+03,1.00E+00,1.00E+00,,,,,,301,1,1
302,5.07E+03,8.17E+03,1.00E+00,0.00E+00,,,,,,302,1,0
303,5.07E+03,8.17E+03,1.00E+00,0.00E+00,,,,,,303,1,0
304,5.07E+03,8.17E+03,1.00E+00,3.00E+00,,,,,,304,1,3
305,5.07E+03,8.20E+03,0.00E+00,3.00E+01,,,,,,305,0,30
306,5.07E+03,8.22E+03,0.00E+00,1.50E+01,,,,,,306,0,15
307,5.07E+03,8.24E+03,2.00E+00,2.00E+01,,,,,,307,2,20
308,5.07E+03,8.26E+03,0.00E+00,2.30E+01,,,,,,308,0,23
309,5.07E+03,8.28E+03,0.00E+00,2.30E+01,,,,,,309,0,23
310,5.07E+03,8.32E+03,0.00E+00,3.50E+01,,,,,,310,0,35
311,5.08E+03,8.34E+03,2.00E+00,2.80E+01,,,,,,311,2,28
312,5.08E+03,8.36E+03,0.00E+00,1.40E+01,,,,,,312,0,14
313,5.08E+03,8.36E+03,2.00E+00,6.00E+00,,,,,,313,2,6
314,5.08E+03,8.37E+03,1.00E+00,9.00E+00,,,,,,314,1,9
315,5.08E+03,8.40E+03,1.00E+00,2.60E+01,,,,,,315,1,26
316,5.08E+03,8.42E+03,2.00E+00,2.10E+01,,,,,,316,2,21
317,5.08E+03,8.44E+03,0.00E+00,1.90E+01,,,,,,317,0,19
318,5.08E+03,8.46E+03,0.00E+00,2.10E+01,,,,,,318,0,21
319,5.08E+03,8.48E+03,0.00E+00,1.70E+01,,,,,,319,0,17
320,5.08E+03,8.48E+03,2.00E+00,3.00E+00,,,,,,320,2,3
321,5.08E+03,8.51E+03,0.00E+00,3.00E+01,,,,,,321,0,30
322,5.08E+03,8.52E+03,0.00E+00,1.10E+01,,,,,,322,0,11
323,5.09E+03,8.54E+03,2.00E+00,1.90E+01,,,,,,323,2,19
324,5.09E+03,8.56E+03,1.00E+00,1.80E+01,,,,,,324,1,18
325,5.09E+03,8.57E+03,1.00E+00,1.40E+01,,,,,,325,1,14
326,5.09E+03,8.58E+03,3.00E+00,7.00E+00,,,,,,326,3,7
327,5.09E+03,8.59E+03,1.00E+00,1.20E+01,,,,,,327,1,12
328,5.09E+03,8.60E+03,0.00E+00,1.00E+01,,,,,,328,0,10
329,5.09E+03,8.60E+03,1.00E+00,3.00E+00,,,,,,329,1,3
330,5.09E+03,8.60E+03,2.00E+00,0.00E+00,,,,,,330,2,0
331,5.10E+03,8.61E+03,1.00E+00,4.00E+00,,,,,,331,1,4
332,5.10E+03,8.62E+03,1.00E+00,7.00E+00,,,,,,332,1,7
333,5.10E+03,8.63E+03,0.00E+00,1.50E+01,,,,,,333,0,15
334,5.10E+03,8.66E+03,2.00E+00,2.60E+01,,,,,,334,2,26
335,5.10E+03,8.66E+03,0.00E+00,4.00E+00,,,,,,335,0,4
336,5.10E+03,8.66E+03,2.00E+00,0.00E+00,,,,,,336,2,0
337,5.10E+03,8.66E+03,3.00E+00,0.00E+00,,,,,,337,3,0
338,5.10E+03,8.67E+03,0.00E+00,9.00E+00,,,,,,338,0,9
339,5.10E+03,8.70E+03,0.00E+00,3.20E+01,,,,,,339,0,32
340,5.10E+03,8.71E+03,1.00E+00,1.30E+01,,,,,,340,1,13
341,5.10E+03,8.71E+03,0.00E+00,0.00E+00,,,,,,341,0,0
342,5.10E+03,8.73E+03,0.00E+00,1.40E+01,,,,,,342,0,14
343,5.10E+03,8.75E+03,0.00E+00,2.10E+01,,,,,,343,0,21
344,5.11E+03,8.77E+03,1.00E+00,2.10E+01,,,,,,344,1,21
345,5.11E+03,8.79E+03,2.00E+00,2.20E+01,,,,,,345,2,22
346,5.11E+03,8.82E+03,0.00E+00,3.10E+01,,,,,,346,0,31
347,5.11E+03,8.86E+03,3.00E+00,3.60E+01,,,,,,347,3,36
348,5.11E+03,8.89E+03,1.00E+00,3.20E+01,,,,,,348,1,32
349,5.11E+03,8.91E+03,0.00E+00,2.30E+01,,,,,,349,0,23
350,5.11E+03,8.95E+03,1.00E+00,3.50E+01,,,,,,350,1,35
351,5.11E+03,8.96E+03,0.00E+00,8.00E+00,,,,,,351,0,8
352,5.11E+03,8.97E+03,0.00E+00,1.30E+01,,,,,,352,0,13
353,5.11E+03,8.99E+03,0.00E+00,1.90E+01,,,,,,353,0,19
354,5.11E+03,9.02E+03,1.00E+00,2.80E+01,,,,,,354,1,28
355,5.11E+03,9.05E+03,1.00E+00,3.00E+01,,,,,,355,1,30
356,5.12E+03,9.05E+03,1.00E+00,3.00E+00,,,,,,356,1,3
357,5.12E+03,9.06E+03,0.00E+00,8.00E+00,,,,,,357,0,8
358,5.12E+03,9.07E+03,0.00E+00,1.00E+01,,,,,,358,0,10
359,5.12E+03,9.09E+03,2.00E+00,1.80E+01,,,,,,359,2,18
360,5.12E+03,9.11E+03,1.00E+00,2.30E+01,,,,,,360,1,23
361,5.12E+03,9.14E+03,0.00E+00,3.00E+01,,,,,,361,0,30
362,5.12E+03,9.16E+03,0.00E+00,1.70E+01,,,,,,362,0,17
363,5.12E+03,9.18E+03,0.00E+00,2.70E+01,,,,,,363,0,27
364,5.12E+03,9.20E+03,1.00E+00,1.40E+01,,,,,,364,1,14
365,5.12E+03,9.21E+03,1.00E+00,1.70E+01,,,,,,365,1,17
366,5.12E+03,9.23E+03,1.00E+00,1.20E+01,,,,,,366,1,12
367,5.12E+03,9.25E+03,0.00E+00,2.20E+01,,,,,,367,0,22
368,5.12E+03,9.27E+03,2.00E+00,2.00E+01,,,,,,368,2,20
369,5.13E+03,9.29E+03,2.00E+00,1.90E+01,,,,,,369,2,19
370,5.13E+03,9.31E+03,1.00E+00,1.80E+01,,,,,,370,1,18
371,5.13E+03,9.31E+03,0.00E+00,9.00E+00,,,,,,371,0,9
372,5.13E+03,9.33E+03,1.00E+00,1.60E+01,,,,,,372,1,16
373,5.13E+03,9.34E+03,0.00E+00,1.40E+01,,,,,,373,0,14
374,5.13E+03,9.35E+03,0.00E+00,7.00E+00,,,,,,374,0,7
375,5.13E+03,9.35E+03,0.00E+00,0.00E+00,,,,,,375,0,0
376,5.13E+03,9.35E+03,2.00E+00,0.00E+00,,,,,,376,2,0
377,5.13E+03,9.35E+03,0.00E+00,0.00E+00,,,,,,377,0,0
378,5.13E+03,9.38E+03,0.00E+00,3.00E+01,,,,,,378,0,30
379,5.13E+03,9.41E+03,1.00E+00,2.50E+01,,,,,,379,1,25
380,5.13E+03,9.45E+03,1.00E+00,4.10E+01,,,,,,380,1,41
381,5.13E+03,9.46E+03,0.00E+00,1.20E+01,,,,,,381,0,12
382,5.13E+03,9.50E+03,1.00E+00,4.00E+01,,,,,,382,1,40
383,5.13E+03,9.51E+03,0.00E+00,1.40E+01,,,,,,383,0,14
384,5.13E+03,9.53E+03,0.00E+00,1.90E+01,,,,,,384,0,19
385,5.13E+03,9.57E+03,0.00E+00,3.70E+01,,,,,,385,0,37
386,5.13E+03,9.61E+03,1.00E+00,3.90E+01,,,,,,386,1,39
387,5.14E+03,9.63E+03,7.00E+00,2.20E+01,,,,,,387,7,22
388,5.15E+03,9.65E+03,6.00E+00,2.10E+01,,,,,,388,6,21
389,5.15E+03,9.68E+03,4.00E+00,2.70E+01,,,,,,389,4,27
390,5.16E+03,9.71E+03,6.00E+00,3.10E+01,,,,,,390,6,31
391,5.16E+03,9.74E+03,3.00E+00,2.60E+01,,,,,,391,3,26
392,5.16E+03,9.77E+03,4.00E+00,3.10E+01,,,,,,392,4,31
393,5.17E+03,9.80E+03,7.00E+00,3.80E+01,,,,,,393,7,38
394,5.17E+03,9.91E+03,1.00E+00,1.05E+02,,,,,,394,1,105
395,5.18E+03,1.00E+04,5.00E+00,1.01E+02,,,,,,395,5,101
396,5.18E+03,1.01E+04,5.00E+00,1.00E+02,,,,,,396,5,100
397,5.18E+03,1.02E+04,2.00E+00,9.50E+01,,,,,,397,2,95
398,5.19E+03,1.03E+04,2.00E+00,8.60E+01,,,,,,398,2,86
399,5.19E+03,1.04E+04,3.00E+00,9.60E+01,,,,,,399,3,96
400,5.19E+03,1.05E+04,2.00E+00,8.90E+01,,,,,,400,2,89
401,5.19E+03,1.06E+04,1.00E+00,7.90E+01,,,,,,401,1,79
402,5.19E+03,1.06E+04,1.00E+00,9.30E+01,,,,,,402,1,93
403,5.19E+03,1.07E+04,0.00E+00,7.50E+01,,,,,,403,0,75
404,5.19E+03,1.08E+04,2.00E+00,8.00E+01,,,,,,404,2,80
405,5.20E+03,1.09E+04,2.00E+00,7.00E+01,,,,,,405,2,70
406,5.20E+03,1.10E+04,0.00E+00,8.00E+01,,,,,,406,0,80
407,5.20E+03,1.10E+04,2.00E+00,7.30E+01,,,,,,407,2,73
408,5.20E+03,1.11E+04,0.00E+00,6.20E+01,,,,,,408,0,62
409,5.20E+03,1.12E+04,2.00E+00,6.60E+01,,,,,,409,2,66
410,5.20E+03,1.12E+04,2.00E+00,6.30E+01,,,,,,410,2,63
411,5.20E+03,1.13E+04,1.00E+00,6.00E+01,,,,,,411,1,60
412,5.20E+03,1.13E+04,1.00E+00,5.80E+01,,,,,,412,1,58
413,5.21E+03,1.14E+04,1.00E+00,6.40E+01,,,,,,413,1,64
414,5.21E+03,1.15E+04,4.00E+00,5.80E+01,,,,,,414,4,58
415,5.21E+03,1.15E+04,4.00E+00,5.40E+01,,,,,,415,4,54
416,5.22E+03,1.16E+04,2.00E+00,4.70E+01,,,,,,416,2,47
417,5.22E+03,1.16E+04,3.00E+00,5.30E+01,,,,,,417,3,53
418,5.22E+03,1.17E+04,1.00E+00,4.70E+01,,,,,,418,1,47
419,5.22E+03,1.17E+04,0.00E+00,5.70E+01,,,,,,419,0,57
420,5.22E+03,1.18E+04,0.00E+00,5.40E+01,,,,,,420,0,54
421,5.22E+03,1.18E+04,2.00E+00,5.10E+01,,,,,,421,2,51
422,5.22E+03,1.19E+04,0.00E+00,4.80E+01,,,,,,422,0,48
423,5.22E+03,1.19E+04,0.00E+00,6.10E+01,,,,,,423,0,61
424,5.22E+03,1.20E+04,1.00E+00,4.20E+01,,,,,,424,1,42
425,5.23E+03,1.20E+04,3.00E+00,4.40E+01,,,,,,425,3,44
426,5.23E+03,1.21E+04,0.00E+00,4.50E+01,,,,,,426,0,45
427,5.23E+03,1.21E+04,1.00E+00,4.50E+01,,,,,,427,1,45
428,5.23E+03,1.22E+04,2.00E+00,5.70E+01,,,,,,428,2,57
429,5.23E+03,1.22E+04,0.00E+00,5.30E+01,,,,,,429,0,53
430,5.23E+03,1.23E+04,1.00E+00,5.30E+01,,,,,,430,1,53
431,5.23E+03,1.23E+04,3.00E+00,4.90E+01,,,,,,431,3,49
432,5.23E+03,1.24E+04,1.00E+00,4.90E+01,,,,,,432,1,49
433,5.23E+03,1.24E+04,0.00E+00,4.30E+01,,,,,,433,0,43
434,5.24E+03,1.25E+04,2.00E+00,5.50E+01,,,,,,434,2,55
435,5.24E+03,1.25E+04,1.00E+00,5.00E+01,,,,,,435,1,50
436,5.24E+03,1.26E+04,1.00E+00,4.00E+01,,,,,,436,1,40
437,5.24E+03,1.26E+04,1.00E+00,5.70E+01,,,,,,437,1,57
438,5.24E+03,1.27E+04,3.00E+00,5.20E+01,,,,,,438,3,52
439,5.24E+03,1.27E+04,0.00E+00,4.50E+01,,,,,,439,0,45
440,5.25E+03,1.28E+04,4.00E+00,5.10E+01,,,,,,440,4,51
441,5.25E+03,1.28E+04,2.00E+00,4.10E+01,,,,,,441,2,41
442,5.25E+03,1.28E+04,2.00E+00,4.60E+01,,,,,,442,2,46
443,5.25E+03,1.29E+04,4.00E+00,4.70E+01,,,,,,443,4,47
444,5.26E+03,1.29E+04,3.00E+00,4.40E+01,,,,,,444,3,44
445,5.26E+03,1.30E+04,1.00E+00,5.00E+01,,,,,,445,1,50
446,5.26E+03,1.30E+04,3.00E+00,5.40E+01,,,,,,446,3,54
447,5.26E+03,1.31E+04,4.00E+00,4.80E+01,,,,,,447,4,48
448,5.27E+03,1.31E+04,2.00E+00,4.80E+01,,,,,,448,2,48
449,5.27E+03,1.32E+04,3.00E+00,4.90E+01,,,,,,449,3,49
450,5.27E+03,1.32E+04,3.00E+00,5.50E+01,,,,,,450,3,55
451,5.27E+03,1.33E+04,2.00E+00,4.40E+01,,,,,,451,2,44
452,5.28E+03,1.33E+04,1.00E+00,5.60E+01,,,,,,452,1,56
453,5.28E+03,1.34E+04,4.00E+00,5.20E+01,,,,,,453,4,52
454,5.28E+03,1.34E+04,3.00E+00,5.40E+01,,,,,,454,3,54
455,5.28E+03,1.35E+04,2.00E+00,3.90E+01,,,,,,455,2,39
456,5.29E+03,1.35E+04,3.00E+00,4.30E+01,,,,,,456,3,43
457,5.29E+03,1.36E+04,3.00E+00,5.50E+01,,,,,,457,3,55
458,5.29E+03,1.36E+04,1.00E+00,4.70E+01,,,,,,458,1,47
459,5.30E+03,1.37E+04,5.00E+00,4.90E+01,,,,,,459,5,49
460,5.30E+03,1.37E+04,1.00E+00,4.60E+01,,,,,,460,1,46
461,5.30E+03,1.38E+04,2.00E+00,4.50E+01,,,,,,461,2,45
462,5.30E+03,1.38E+04,4.00E+00,4.40E+01,,,,,,462,4,44
463,5.31E+03,1.39E+04,2.00E+00,5.20E+01,,,,,,463,2,52
464,5.31E+03,1.39E+04,0.00E+00,4.10E+01,,,,,,464,0,41
465,5.31E+03,1.39E+04,0.00E+00,4.10E+01,,,,,,465,0,41
466,5.31E+03,1.40E+04,3.00E+00,5.20E+01,,,,,,466,3,52
467,5.31E+03,1.40E+04,2.00E+00,3.90E+01,,,,,,467,2,39
468,5.31E+03,1.41E+04,1.00E+00,3.90E+01,,,,,,468,1,39
469,5.31E+03,1.41E+04,3.00E+00,3.70E+01,,,,,,469,3,37
470,5.31E+03,1.42E+04,0.00E+00,4.30E+01,,,,,,470,0,43
471,5.31E+03,1.42E+04,0.00E+00,3.60E+01,,,,,,471,0,36
472,5.31E+03,1.42E+04,0.00E+00,3.30E+01,,,,,,472,0,33
473,5.32E+03,1.43E+04,1.00E+00,4.20E+01,,,,,,473,1,42
474,5.32E+03,1.43E+04,2.00E+00,2.10E+01,,,,,,474,2,21
475,5.32E+03,1.43E+04,0.00E+00,7.00E+00,,,,,,475,0,7
476,5.32E+03,1.43E+04,0.00E+00,1.00E+01,,,,,,476,0,10
477,5.32E+03,1.43E+04,0.00E+00,3.00E+00,,,,,,477,0,3
478,5.32E+03,1.43E+04,1.00E+00,0.00E+00,,,,,,478,1,0
479,5.32E+03,1.43E+04,1.00E+00,0.00E+00,,,,,,479,1,0
480,5.32E+03,1.43E+04,1.00E+00,0.00E+00,,,,,,480,1,0
481,5.32E+03,1.43E+04,1.00E+00,7.00E+00,,,,,,481,1,7
482,5.32E+03,1.43E+04,1.00E+00,7.00E+00,,,,,,482,1,7
483,5.32E+03,1.43E+04,1.00E+00,1.00E+00,,,,,,483,1,1
484,5.32E+03,1.43E+04,0.00E+00,5.00E+00,,,,,,484,0,5
485,5.32E+03,1.43E+04,0.00E+00,1.20E+01,,,,,,485,0,12
486,5.32E+03,1.44E+04,1.00E+00,7.00E+00,,,,,,486,1,7
487,5.32E+03,1.44E+04,0.00E+00,0.00E+00,,,,,,487,0,0
488,5.32E+03,1.44E+04,0.00E+00,0.00E+00,,,,,,488,0,0
489,5.32E+03,1.44E+04,0.00E+00,0.00E+00,,,,,,489,0,0
490,5.33E+03,1.44E+04,2.00E+00,4.00E+00,,,,,,490,2,4
491,5.33E+03,1.44E+04,0.00E+00,7.00E+00,,,,,,491,0,7
492,5.33E+03,1.44E+04,1.00E+00,0.00E+00,,,,,,492,1,0
493,5.33E+03,1.44E+04,0.00E+00,0.00E+00,,,,,,493,0,0
494,5.33E+03,1.44E+04,0.00E+00,0.00E+00,,,,,,494,0,0
495,5.33E+03,1.44E+04,0.00E+00,7.00E+00,,,,,,495,0,7
496,5.33E+03,1.44E+04,2.00E+00,3.00E+00,,,,,,496,2,3
497,5.33E+03,1.44E+04,0.00E+00,0.00E+00,,,,,,497,0,0
498,5.33E+03,1.44E+04,0.00E+00,0.00E+00,,,,,,498,0,0
499,5.33E+03,1.44E+04,1.00E+00,0.00E+00,,,,,,499,1,0
500,5.33E+03,1.44E+04,2.00E+00,1.70E+01,,,,,,500,2,17
501,5.33E+03,1.44E+04,1.00E+00,6.00E+00,,,,,,501,1,6
502,5.34E+03,1.44E+04,2.00E+00,0.00E+00,,,,,,502,2,0
503,5.34E+03,1.44E+04,0.00E+00,0.00E+00,,,,,,503,0,0
504,5.34E+03,1.44E+04,0.00E+00,0.00E+00,,,,,,504,0,0
505,5.34E+03,1.44E+04,0.00E+00,4.00E+00,,,,,,505,0,4
506,5.34E+03,1.44E+04,1.00E+00,1.30E+01,,,,,,506,1,13
507,5.34E+03,1.44E+04,0.00E+00,7.00E+00,,,,,,507,0,7
508,5.34E+03,1.44E+04,0.00E+00,1.20E+01,,,,,,508,0,12
509,5.34E+03,1.44E+04,0.00E+00,7.00E+00,,,,,,509,0,7
510,5.34E+03,1.44E+04,1.00E+00,7.00E+00,,,,,,510,1,7
511,5.34E+03,1.45E+04,2.00E+00,1.70E+01,,,,,,511,2,17
512,5.34E+03,1.45E+04,1.00E+00,1.00E+01,,,,,,512,1,10
513,5.34E+03,1.45E+04,0.00E+00,1.20E+01,,,,,,513,0,12
514,5.34E+03,1.45E+04,1.00E+00,1.10E+01,,,,,,514,1,11
515,5.34E+03,1.45E+04,0.00E+00,1.10E+01,,,,,,515,0,11
516,5.34E+03,1.45E+04,0.00E+00,1.40E+01,,,,,,516,0,14
517,5.34E+03,1.45E+04,0.00E+00,6.00E+00,,,,,,517,0,6
518,5.34E+03,1.45E+04,1.00E+00,8.00E+00,,,,,,518,1,8
519,5.34E+03,1.45E+04,0.00E+00,7.00E+00,,,,,,519,0,7
520,5.34E+03,1.46E+04,0.00E+00,1.40E+01,,,,,,520,0,14
521,5.34E+03,1.46E+04,0.00E+00,2.00E+01,,,,,,521,0,20
522,5.34E+03,1.46E+04,1.00E+00,8.00E+00,,,,,,522,1,8
523,5.34E+03,1.46E+04,1.00E+00,5.00E+00,,,,,,523,1,5
524,5.35E+03,1.46E+04,1.00E+00,0.00E+00,,,,,,524,1,0
525,5.35E+03,1.46E+04,1.00E+00,0.00E+00,,,,,,525,1,0
526,5.35E+03,1.46E+04,0.00E+00,0.00E+00,,,,,,526,0,0
527,5.35E+03,1.46E+04,0.00E+00,1.50E+01,,,,,,527,0,15
528,5.35E+03,1.46E+04,0.00E+00,5.00E+00,,,,,,528,0,5
529,5.35E+03,1.46E+04,1.00E+00,0.00E+00,,,,,,529,1,0
530,5.35E+03,1.46E+04,1.00E+00,2.10E+01,,,,,,530,1,21
531,5.35E+03,1.46E+04,0.00E+00,4.00E+00,,,,,,531,0,4
532,5.35E+03,1.46E+04,0.00E+00,0.00E+00,,,,,,532,0,0
533,5.35E+03,1.46E+04,0.00E+00,0.00E+00,,,,,,533,0,0
534,5.35E+03,1.46E+04,2.00E+00,0.00E+00,,,,,,534,2,0
535,5.35E+03,1.46E+04,3.00E+00,4.00E+00,,,,,,535,3,4
536,5.36E+03,1.46E+04,3.00E+00,0.00E+00,,,,,,536,3,0
537,5.36E+03,1.46E+04,0.00E+00,0.00E+00,,,,,,537,0,0
538,5.36E+03,1.46E+04,2.00E+00,0.00E+00,,,,,,538,2,0
539,5.36E+03,1.46E+04,1.00E+00,9.00E+00,,,,,,539,1,9
540,5.36E+03,1.47E+04,2.00E+00,1.90E+01,,,,,,540,2,19
541,5.36E+03,1.47E+04,2.00E+00,5.00E+00,,,,,,541,2,5
542,5.36E+03,1.47E+04,1.00E+00,0.00E+00,,,,,,542,1,0
543,5.37E+03,1.47E+04,2.00E+00,0.00E+00,,,,,,543,2,0
544,5.37E+03,1.47E+04,1.00E+00,0.00E+00,,,,,,544,1,0
545,5.37E+03,1.47E+04,0.00E+00,2.00E+01,,,,,,545,0,20
546,5.37E+03,1.47E+04,1.00E+00,1.40E+01,,,,,,546,1,14
547,5.37E+03,1.47E+04,1.00E+00,5.00E+00,,,,,,547,1,5
548,5.37E+03,1.47E+04,3.00E+00,1.60E+01,,,,,,548,3,16
549,5.37E+03,1.47E+04,2.00E+00,1.50E+01,,,,,,549,2,15
550,5.38E+03,1.47E+04,2.00E+00,0.00E+00,,,,,,550,2,0
551,5.38E+03,1.47E+04,3.00E+00,0.00E+00,,,,,,551,3,0
552,5.38E+03,1.47E+04,2.00E+00,0.00E+00,,,,,,552,2,0
553,5.38E+03,1.47E+04,1.00E+00,4.00E+00,,,,,,553,1,4
554,5.38E+03,1.48E+04,2.00E+00,2.20E+01,,,,,,554,2,22
555,5.39E+03,1.48E+04,2.00E+00,1.90E+01,,,,,,555,2,19
556,5.39E+03,1.48E+04,2.00E+00,1.70E+01,,,,,,556,2,17
557,5.39E+03,1.48E+04,1.00E+00,3.70E+01,,,,,,557,1,37
558,5.39E+03,1.49E+04,2.00E+00,2.70E+01,,,,,,558,2,27
559,5.39E+03,1.49E+04,2.00E+00,1.20E+01,,,,,,559,2,12
560,5.40E+03,1.49E+04,2.00E+00,2.70E+01,,,,,,560,2,27
561,5.40E+03,1.49E+04,2.00E+00,1.50E+01,,,,,,561,2,15
562,5.40E+03,1.49E+04,1.00E+00,1.10E+01,,,,,,562,1,11
563,5.40E+03,1.49E+04,1.00E+00,1.90E+01,,,,,,563,1,19
564,5.40E+03,1.50E+04,0.00E+00,1.20E+01,,,,,,564,0,12
565,5.40E+03,1.50E+04,2.00E+00,1.10E+01,,,,,,565,2,11
566,5.41E+03,1.50E+04,5.00E+00,4.60E+01,,,,,,566,5,46
567,5.41E+03,1.51E+04,2.00E+00,8.70E+01,,,,,,567,2,87
568,5.41E+03,1.52E+04,3.00E+00,7.50E+01,,,,,,568,3,75
569,5.41E+03,1.52E+04,3.00E+00,6.50E+01,,,,,,569,3,65
570,5.42E+03,1.53E+04,1.00E+00,8.00E+01,,,,,,570,1,80
571,5.42E+03,1.54E+04,2.00E+00,9.00E+01,,,,,,571,2,90
572,5.42E+03,1.55E+04,1.00E+00,7.80E+01,,,,,,572,1,78
573,5.42E+03,1.55E+04,1.00E+00,9.00E+00,,,,,,573,1,9
574,5.42E+03,1.55E+04,4.00E+00,9.00E+00,,,,,,574,4,9
575,5.42E+03,1.55E+04,1.00E+00,1.40E+01,,,,,,575,1,14
576,5.43E+03,1.55E+04,2.00E+00,9.00E+00,,,,,,576,2,9
577,5.43E+03,1.55E+04,2.00E+00,7.00E+00,,,,,,577,2,7
578,5.43E+03,1.55E+04,2.00E+00,0.00E+00,,,,,,578,2,0
579,5.43E+03,1.55E+04,2.00E+00,0.00E+00,,,,,,579,2,0
580,5.43E+03,1.55E+04,0.00E+00,0.00E+00,,,,,,580,0,0
581,5.44E+03,1.55E+04,3.00E+00,8.00E+00,,,,,,581,3,8
582,5.44E+03,1.56E+04,3.00E+00,1.20E+01,,,,,,582,3,12
583,5.44E+03,1.56E+04,2.00E+00,0.00E+00,,,,,,583,2,0
584,5.44E+03,1.56E+04,2.00E+00,0.00E+00,,,,,,584,2,0
585,5.45E+03,1.56E+04,3.00E+00,0.00E+00,,,,,,585,3,0
586,5.45E+03,1.56E+04,3.00E+00,1.00E+00,,,,,,586,3,1
587,5.45E+03,1.56E+04,3.00E+00,1.70E+01,,,,,,587,3,17
588,5.45E+03,1.56E+04,3.00E+00,6.00E+00,,,,,,588,3,6
589,5.46E+03,1.56E+04,3.00E+00,0.00E+00,,,,,,589,3,0
590,5.46E+03,1.56E+04,3.00E+00,0.00E+00,,,,,,590,3,0
591,5.46E+03,1.56E+04,2.00E+00,0.00E+00,,,,,,591,2,0
592,5.47E+03,1.56E+04,3.00E+00,1.40E+01,,,,,,592,3,14
593,5.47E+03,1.56E+04,2.00E+00,4.50E+01,,,,,,593,2,45
594,5.47E+03,1.57E+04,2.00E+00,7.00E+00,,,,,,594,2,7
595,5.47E+03,1.57E+04,3.00E+00,1.80E+01,,,,,,595,3,18
596,5.47E+03,1.57E+04,1.00E+00,1.30E+01,,,,,,596,1,13
597,5.48E+03,1.57E+04,5.00E+00,1.40E+01,,,,,,597,5,14
598,5.48E+03,1.57E+04,1.00E+00,3.80E+01,,,,,,598,1,38
599,5.48E+03,1.58E+04,3.00E+00,2.40E+01,,,,,,599,3,24
600,5.48E+03,1.58E+04,1.00E+00,0.00E+00,,,,,,600,1,0
601,5.48E+03,1.58E+04,1.00E+00,4.00E+00,,,,,,601,1,4
602,5.49E+03,1.58E+04,1.00E+00,7.00E+00,,,,,,602,1,7
603,5.49E+03,1.58E+04,1.00E+00,0.00E+00,,,,,,603,1,0
604,5.49E+03,1.58E+04,4.00E+00,2.00E+00,,,,,,604,4,2
605,5.49E+03,1.58E+04,3.00E+00,3.80E+01,,,,,,605,3,38
606,5.49E+03,1.58E+04,1.00E+00,1.60E+01,,,,,,606,1,16
607,5.50E+03,1.58E+04,1.00E+00,1.20E+01,,,,,,607,1,12
608,5.50E+03,1.59E+04,2.00E+00,2.20E+01,,,,,,608,2,22
609,5.50E+03,1.59E+04,2.00E+00,1.40E+01,,,,,,609,2,14
610,5.50E+03,1.59E+04,3.00E+00,0.00E+00,,,,,,610,3,0
611,5.50E+03,1.59E+04,1.00E+00,0.00E+00,,,,,,611,1,0
612,5.51E+03,1.59E+04,4.00E+00,1.80E+01,,,,,,612,4,18
613,5.51E+03,1.59E+04,2.00E+00,1.90E+01,,,,,,613,2,19
614,5.51E+03,1.59E+04,2.00E+00,1.60E+01,,,,,,614,2,16
615,5.51E+03,1.59E+04,1.00E+00,7.00E+00,,,,,,615,1,7
616,5.52E+03,1.59E+04,3.00E+00,0.00E+00,,,,,,616,3,0
617,5.52E+03,1.59E+04,2.00E+00,0.00E+00,,,,,,617,2,0
618,5.52E+03,1.59E+04,3.00E+00,6.00E+00,,,,,,618,3,6
619,5.52E+03,1.60E+04,1.00E+00,1.70E+01,,,,,,619,1,17
620,5.53E+03,1.60E+04,4.00E+00,2.90E+01,,,,,,620,4,29
621,5.53E+03,1.60E+04,3.00E+00,2.10E+01,,,,,,621,3,21
622,5.53E+03,1.60E+04,3.00E+00,0.00E+00,,,,,,622,3,0
623,5.53E+03,1.60E+04,1.00E+00,0.00E+00,,,,,,623,1,0
624,5.53E+03,1.60E+04,1.00E+00,1.00E+00,,,,,,624,1,1
625,5.53E+03,1.60E+04,0.00E+00,1.50E+01,,,,,,625,0,15
626,5.53E+03,1.60E+04,0.00E+00,1.30E+01,,,,,,626,0,13
627,5.53E+03,1.61E+04,0.00E+00,2.80E+01,,,,,,627,0,28
628,5.53E+03,1.61E+04,1.00E+00,1.00E+01,,,,,,628,1,10
629,5.53E+03,1.61E+04,0.00E+00,0.00E+00,,,,,,629,0,0
630,5.54E+03,1.61E+04,2.00E+00,0.00E+00,,,,,,630,2,0
631,5.54E+03,1.61E+04,1.00E+00,0.00E+00,,,,,,631,1,0
632,5.54E+03,1.61E+04,0.00E+00,1.50E+01,,,,,,632,0,15
633,5.54E+03,1.61E+04,1.00E+00,2.90E+01,,,,,,633,1,29
634,5.54E+03,1.61E+04,0.00E+00,2.80E+01,,,,,,634,0,28
635,5.54E+03,1.62E+04,0.00E+00,1.90E+01,,,,,,635,0,19
636,5.54E+03,1.62E+04,0.00E+00,1.90E+01,,,,,,636,0,19
637,5.54E+03,1.62E+04,1.00E+00,1.90E+01,,,,,,637,1,19
638,5.54E+03,1.62E+04,1.00E+00,2.00E+00,,,,,,638,1,2
639,5.54E+03,1.62E+04,2.00E+00,0.00E+00,,,,,,639,2,0
640,5.54E+03,1.62E+04,0.00E+00,0.00E+00,,,,,,640,0,0
641,5.54E+03,1.62E+04,0.00E+00,3.00E+00,,,,,,641,0,3
642,5.54E+03,1.62E+04,0.00E+00,2.10E+01,,,,,,642,0,21
643,5.54E+03,1.62E+04,1.00E+00,1.80E+01,,,,,,643,1,18
644,5.54E+03,1.63E+04,1.00E+00,1.60E+01,,,,,,644,1,16
645,5.54E+03,1.63E+04,0.00E+00,1.80E+01,,,,,,645,0,18
646,5.54E+03,1.63E+04,0.00E+00,1.80E+01,,,,,,646,0,18
647,5.54E+03,1.63E+04,0.00E+00,1.40E+01,,,,,,647,0,14
648,5.55E+03,1.63E+04,2.00E+00,1.00E+00,,,,,,648,2,1
649,5.55E+03,1.63E+04,0.00E+00,0.00E+00,,,,,,649,0,0
650,5.55E+03,1.63E+04,0.00E+00,0.00E+00,,,,,,650,0,0
651,5.55E+03,1.63E+04,0.00E+00,1.20E+01,,,,,,651,0,12
652,5.55E+03,1.63E+04,1.00E+00,1.90E+01,,,,,,652,1,19
653,5.55E+03,1.64E+04,0.00E+00,1.40E+01,,,,,,653,0,14
654,5.55E+03,1.64E+04,0.00E+00,2.40E+01,,,,,,654,0,24
655,5.55E+03,1.64E+04,0.00E+00,1.60E+01,,,,,,655,0,16
656,5.55E+03,1.64E+04,1.00E+00,1.10E+01,,,,,,656,1,11
657,5.55E+03,1.64E+04,0.00E+00,1.90E+01,,,,,,657,0,19
658,5.55E+03,1.64E+04,1.00E+00,5.00E+00,,,,,,658,1,5
659,5.55E+03,1.65E+04,1.00E+00,1.70E+01,,,,,,659,1,17
660,5.55E+03,1.65E+04,1.00E+00,1.30E+01,,,,,,660,1,13
661,5.55E+03,1.65E+04,1.00E+00,4.00E+00,,,,,,661,1,4
662,5.55E+03,1.65E+04,0.00E+00,1.90E+01,,,,,,662,0,19
663,5.55E+03,1.65E+04,0.00E+00,1.60E+01,,,,,,663,0,16
664,5.55E+03,1.65E+04,0.00E+00,1.70E+01,,,,,,664,0,17
665,5.55E+03,1.65E+04,1.00E+00,2.10E+01,,,,,,665,1,21
666,5.55E+03,1.65E+04,1.00E+00,0.00E+00,,,,,,666,1,0
667,5.55E+03,1.66E+04,0.00E+00,1.10E+01,,,,,,667,0,11
668,5.56E+03,1.66E+04,1.00E+00,1.70E+01,,,,,,668,1,17
669,5.56E+03,1.66E+04,1.00E+00,9.00E+00,,,,,,669,1,9
670,5.56E+03,1.66E+04,2.00E+00,2.00E+00,,,,,,670,2,2
671,5.56E+03,1.66E+04,2.00E+00,0.00E+00,,,,,,671,2,0
672,5.56E+03,1.66E+04,1.00E+00,1.20E+01,,,,,,672,1,12
673,5.56E+03,1.66E+04,0.00E+00,9.00E+00,,,,,,673,0,9
674,5.56E+03,1.66E+04,0.00E+00,1.80E+01,,,,,,674,0,18
675,5.56E+03,1.66E+04,0.00E+00,1.80E+01,,,,,,675,0,18
676,5.56E+03,1.67E+04,2.00E+00,1.90E+01,,,,,,676,2,19
677,5.56E+03,1.67E+04,1.00E+00,8.00E+00,,,,,,677,1,8
678,5.57E+03,1.67E+04,1.00E+00,0.00E+00,,,,,,678,1,0
679,5.57E+03,1.67E+04,0.00E+00,0.00E+00,,,,,,679,0,0
680,5.57E+03,1.67E+04,0.00E+00,0.00E+00,,,,,,680,0,0
681,5.57E+03,1.67E+04,0.00E+00,7.00E+00,,,,,,681,0,7
682,5.57E+03,1.67E+04,1.00E+00,0.00E+00,,,,,,682,1,0
683,5.57E+03,1.67E+04,1.00E+00,0.00E+00,,,,,,683,1,0
684,5.57E+03,1.67E+04,0.00E+00,0.00E+00,,,,,,684,0,0
685,5.57E+03,1.67E+04,0.00E+00,8.00E+00,,,,,,685,0,8
686,5.57E+03,1.67E+04,0.00E+00,1.60E+01,,,,,,686,0,16
687,5.57E+03,1.67E+04,1.00E+00,1.30E+01,,,,,,687,1,13
688,5.57E+03,1.67E+04,1.00E+00,1.50E+01,,,,,,688,1,15
689,5.57E+03,1.67E+04,0.00E+00,1.70E+01,,,,,,689,0,17
690,5.57E+03,1.68E+04,0.00E+00,1.40E+01,,,,,,690,0,14
691,5.57E+03,1.68E+04,0.00E+00,1.00E+01,,,,,,691,0,10
692,5.57E+03,1.68E+04,1.00E+00,2.00E+01,,,,,,692,1,20
693,5.57E+03,1.68E+04,1.00E+00,1.80E+01,,,,,,693,1,18
694,5.57E+03,1.68E+04,0.00E+00,1.60E+01,,,,,,694,0,16
695,5.57E+03,1.68E+04,1.00E+00,2.00E+00,,,,,,695,1,2
696,5.57E+03,1.68E+04,1.00E+00,0.00E+00,,,,,,696,1,0
697,5.57E+03,1.68E+04,1.00E+00,0.00E+00,,,,,,697,1,0
698,5.58E+03,1.68E+04,1.00E+00,2.00E+00,,,,,,698,1,2
699,5.58E+03,1.68E+04,0.00E+00,2.20E+01,,,,,,699,0,22
700,5.58E+03,1.69E+04,0.00E+00,1.20E+01,,,,,,700,0,12
701,5.58E+03,1.69E+04,1.00E+00,2.10E+01,,,,,,701,1,21
702,5.58E+03,1.69E+04,0.00E+00,2.00E+01,,,,,,702,0,20
703,5.58E+03,1.69E+04,1.00E+00,2.20E+01,,,,,,703,1,22
704,5.58E+03,1.69E+04,0.00E+00,7.00E+00,,,,,,704,0,7
705,5.58E+03,1.69E+04,0.00E+00,1.70E+01,,,,,,705,0,17
706,5.58E+03,1.70E+04,1.00E+00,1.70E+01,,,,,,706,1,17
707,5.58E+03,1.70E+04,1.00E+00,2.00E+01,,,,,,707,1,20
708,5.58E+03,1.70E+04,2.00E+00,2.40E+01,,,,,,708,2,24
709,5.58E+03,1.70E+04,0.00E+00,2.00E+01,,,,,,709,0,20
710,5.58E+03,1.70E+04,0.00E+00,1.60E+01,,,,,,710,0,16
711,5.58E+03,1.71E+04,0.00E+00,1.60E+01,,,,,,711,0,16
712,5.58E+03,1.71E+04,3.00E+00,2.50E+01,,,,,,712,3,25
713,5.59E+03,1.71E+04,2.00E+00,6.00E+00,,,,,,713,2,6
714,5.59E+03,1.71E+04,0.00E+00,0.00E+00,,,,,,714,0,0
715,5.59E+03,1.71E+04,0.00E+00,0.00E+00,,,,,,715,0,0
716,5.59E+03,1.71E+04,2.00E+00,1.80E+01,,,,,,716,2,18
717,5.59E+03,1.71E+04,4.00E+00,2.70E+01,,,,,,717,4,27
718,5.59E+03,1.72E+04,1.00E+00,3.00E+01,,,,,,718,1,30
719,5.59E+03,1.72E+04,0.00E+00,1.80E+01,,,,,,719,0,18
720,5.59E+03,1.72E+04,1.00E+00,2.50E+01,,,,,,720,1,25
721,5.60E+03,1.72E+04,3.00E+00,3.10E+01,,,,,,721,3,31
722,5.60E+03,1.73E+04,1.00E+00,2.40E+01,,,,,,722,1,24
723,5.60E+03,1.73E+04,0.00E+00,2.70E+01,,,,,,723,0,27
724,5.60E+03,1.73E+04,0.00E+00,1.00E+00,,,,,,724,0,1
725,5.60E+03,1.73E+04,2.00E+00,1.20E+01,,,,,,725,2,12
726,5.60E+03,1.73E+04,2.00E+00,2.40E+01,,,,,,726,2,24
727,5.60E+03,1.73E+04,0.00E+00,2.30E+01,,,,,,727,0,23
728,5.60E+03,1.74E+04,2.00E+00,1.70E+01,,,,,,728,2,17
729,5.61E+03,1.74E+04,1.00E+00,2.50E+01,,,,,,729,1,25
730,5.61E+03,1.74E+04,2.00E+00,1.90E+01,,,,,,730,2,19
731,5.61E+03,1.74E+04,2.00E+00,0.00E+00,,,,,,731,2,0
732,5.61E+03,1.74E+04,1.00E+00,0.00E+00,,,,,,732,1,0
733,5.61E+03,1.74E+04,3.00E+00,2.10E+01,,,,,,733,3,21
734,5.62E+03,1.74E+04,2.00E+00,2.10E+01,,,,,,734,2,21
735,5.62E+03,1.75E+04,3.00E+00,1.00E+01,,,,,,735,3,10
736,5.62E+03,1.75E+04,3.00E+00,2.10E+01,,,,,,736,3,21
737,5.62E+03,1.75E+04,2.00E+00,2.30E+01,,,,,,737,2,23
738,5.62E+03,1.75E+04,1.00E+00,2.30E+01,,,,,,738,1,23
739,5.63E+03,1.75E+04,3.00E+00,8.00E+00,,,,,,739,3,8
740,5.63E+03,1.75E+04,3.00E+00,0.00E+00,,,,,,740,3,0
741,5.63E+03,1.75E+04,3.00E+00,0.00E+00,,,,,,741,3,0
742,5.64E+03,1.75E+04,2.00E+00,5.00E+00,,,,,,742,2,5
743,5.64E+03,1.76E+04,1.00E+00,4.20E+01,,,,,,743,1,42
744,5.64E+03,1.76E+04,0.00E+00,2.70E+01,,,,,,744,0,27
745,5.64E+03,1.76E+04,2.00E+00,1.20E+01,,,,,,745,2,12
746,5.64E+03,1.76E+04,2.00E+00,1.50E+01,,,,,,746,2,15
747,5.64E+03,1.76E+04,1.00E+00,0.00E+00,,,,,,747,1,0
748,5.64E+03,1.77E+04,2.00E+00,1.70E+01,,,,,,748,2,17
749,5.65E+03,1.77E+04,2.00E+00,2.20E+01,,,,,,749,2,22
750,5.65E+03,1.77E+04,2.00E+00,2.60E+01,,,,,,750,2,26
751,5.65E+03,1.77E+04,3.00E+00,1.70E+01,,,,,,751,3,17
752,5.65E+03,1.77E+04,2.00E+00,1.70E+01,,,,,,752,2,17
753,5.65E+03,1.78E+04,2.00E+00,1.90E+01,,,,,,753,2,19
754,5.65E+03,1.78E+04,0.00E+00,4.00E+01,,,,,,754,0,40
755,5.66E+03,1.78E+04,2.00E+00,3.30E+01,,,,,,755,2,33
756,5.66E+03,1.78E+04,1.00E+00,1.40E+01,,,,,,756,1,14
757,5.66E+03,1.79E+04,3.00E+00,1.10E+01,,,,,,757,3,11
758,5.66E+03,1.79E+04,0.00E+00,3.20E+01,,,,,,758,0,32
759,5.66E+03,1.79E+04,0.00E+00,2.60E+01,,,,,,759,0,26
760,5.66E+03,1.79E+04,0.00E+00,2.30E+01,,,,,,760,0,23
761,5.66E+03,1.80E+04,2.00E+00,2.00E+01,,,,,,761,2,20
762,5.66E+03,1.80E+04,2.00E+00,2.00E+01,,,,,,762,2,20
763,5.67E+03,1.80E+04,3.00E+00,1.80E+01,,,,,,763,3,18
764,5.67E+03,1.80E+04,3.00E+00,2.30E+01,,,,,,764,3,23
765,5.67E+03,1.80E+04,3.00E+00,2.20E+01,,,,,,765,3,22
766,5.67E+03,1.81E+04,0.00E+00,1.70E+01,,,,,,766,0,17
767,5.67E+03,1.81E+04,1.00E+00,3.10E+01,,,,,,767,1,31
768,5.68E+03,1.81E+04,1.00E+00,1.70E+01,,,,,,768,1,17
769,5.68E+03,1.81E+04,3.00E+00,2.20E+01,,,,,,769,3,22
770,5.68E+03,1.81E+04,2.00E+00,1.70E+01,,,,,,770,2,17
771,5.68E+03,1.81E+04,1.00E+00,1.00E+01,,,,,,771,1,10
772,5.68E+03,1.82E+04,2.00E+00,2.10E+01,,,,,,772,2,21
773,5.69E+03,1.82E+04,2.00E+00,3.00E+01,,,,,,773,2,30
774,5.69E+03,1.82E+04,2.00E+00,2.30E+01,,,,,,774,2,23
775,5.69E+03,1.82E+04,1.00E+00,1.80E+01,,,,,,775,1,18
776,5.69E+03,1.83E+04,0.00E+00,1.00E+01,,,,,,776,0,10
777,5.69E+03,1.83E+04,0.00E+00,2.30E+01,,,,,,777,0,23
778,5.69E+03,1.83E+04,1.00E+00,2.90E+01,,,,,,778,1,29
779,5.69E+03,1.83E+04,1.00E+00,2.00E+01,,,,,,779,1,20
780,5.69E+03,1.83E+04,1.00E+00,1.00E+01,,,,,,780,1,10
781,5.69E+03,1.84E+04,1.00E+00,2.80E+01,,,,,,781,1,28
782,5.69E+03,1.84E+04,2.00E+00,1.40E+01,,,,,,782,2,14
783,5.70E+03,1.84E+04,2.00E+00,1.80E+01,,,,,,783,2,18
784,5.70E+03,1.84E+04,2.00E+00,1.70E+01,,,,,,784,2,17
785,5.70E+03,1.84E+04,2.00E+00,1.30E+01,,,,,,785,2,13
786,5.70E+03,1.84E+04,0.00E+00,2.20E+01,,,,,,786,0,22
787,5.70E+03,1.85E+04,0.00E+00,2.00E+01,,,,,,787,0,20
788,5.70E+03,1.85E+04,0.00E+00,2.00E+01,,,,,,788,0,20
789,5.70E+03,1.85E+04,1.00E+00,2.70E+01,,,,,,789,1,27
790,5.70E+03,1.85E+04,0.00E+00,2.30E+01,,,,,,790,0,23
791,5.70E+03,1.85E+04,0.00E+00,3.00E+00,,,,,,791,0,3
792,5.70E+03,1.85E+04,0.00E+00,6.00E+00,,,,,,792,0,6
793,5.70E+03,1.86E+04,1.00E+00,1.20E+01,,,,,,793,1,12
794,5.70E+03,1.86E+04,2.00E+00,2.00E+01,,,,,,794,2,20
795,5.71E+03,1.86E+04,1.00E+00,8.00E+00,,,,,,795,1,8
796,5.71E+03,1.86E+04,1.00E+00,1.20E+01,,,,,,796,1,12
797,5.71E+03,1.86E+04,2.00E+00,1.50E+01,,,,,,797,2,15
798,5.71E+03,1.86E+04,1.00E+00,1.40E+01,,,,,,798,1,14
799,5.71E+03,1.86E+04,0.00E+00,1.50E+01,,,,,,799,0,15
800,5.71E+03,1.86E+04,0.00E+00,7.00E+00,,,,,,800,0,7
801,5.71E+03,1.86E+04,0.00E+00,0.00E+00,,,,,,801,0,0
802,5.71E+03,1.86E+04,1.00E+00,0.00E+00,,,,,,802,1,0
803,5.71E+03,1.86E+04,1.00E+00,0.00E+00,,,,,,803,1,0
804,5.71E+03,1.87E+04,1.00E+00,1.70E+01,,,,,,804,1,17
805,5.71E+03,1.87E+04,0.00E+00,3.20E+01,,,,,,805,0,32
806,5.71E+03,1.87E+04,0.00E+00,2.80E+01,,,,,,806,0,28
807,5.71E+03,1.87E+04,1.00E+00,2.10E+01,,,,,,807,1,21
808,5.71E+03,1.88E+04,0.00E+00,8.00E+00,,,,,,808,0,8
809,5.71E+03,1.88E+04,0.00E+00,0.00E+00,,,,,,809,0,0
810,5.71E+03,1.88E+04,0.00E+00,0.00E+00,,,,,,810,0,0
811,5.71E+03,1.88E+04,1.00E+00,0.00E+00,,,,,,811,1,0
812,5.72E+03,1.88E+04,1.00E+00,2.10E+01,,,,,,812,1,21
813,5.72E+03,1.88E+04,0.00E+00,9.00E+00,,,,,,813,0,9
814,5.72E+03,1.88E+04,0.00E+00,1.20E+01,,,,,,814,0,12
815,5.72E+03,1.88E+04,0.00E+00,1.50E+01,,,,,,815,0,15
816,5.72E+03,1.88E+04,2.00E+00,1.60E+01,,,,,,816,2,16
817,5.72E+03,1.89E+04,0.00E+00,2.80E+01,,,,,,817,0,28
818,5.72E+03,1.89E+04,0.00E+00,2.00E+01,,,,,,818,0,20
819,5.72E+03,1.89E+04,0.00E+00,5.00E+00,,,,,,819,0,5
820,5.72E+03,1.89E+04,2.00E+00,5.00E+00,,,,,,820,2,5
821,5.72E+03,1.89E+04,0.00E+00,1.30E+01,,,,,,821,0,13
822,5.72E+03,1.89E+04,0.00E+00,2.40E+01,,,,,,822,0,24
823,5.72E+03,1.89E+04,0.00E+00,1.90E+01,,,,,,823,0,19
824,5.72E+03,1.90E+04,1.00E+00,1.50E+01,,,,,,824,1,15
825,5.72E+03,1.90E+04,1.00E+00,1.50E+01,,,,,,825,1,15
826,5.72E+03,1.90E+04,1.00E+00,7.00E+00,,,,,,826,1,7
827,5.72E+03,1.90E+04,0.00E+00,3.40E+01,,,,,,827,0,34
828,5.72E+03,1.90E+04,0.00E+00,3.10E+01,,,,,,828,0,31
829,5.72E+03,1.91E+04,0.00E+00,2.20E+01,,,,,,829,0,22
830,5.72E+03,1.91E+04,1.00E+00,1.80E+01,,,,,,830,1,18
831,5.73E+03,1.91E+04,2.00E+00,1.70E+01,,,,,,831,2,17
832,5.73E+03,1.91E+04,1.00E+00,1.00E+01,,,,,,832,1,10
833,5.73E+03,1.91E+04,2.00E+00,2.00E+01,,,,,,833,2,20
834,5.73E+03,1.91E+04,0.00E+00,5.00E+00,,,,,,834,0,5
835,5.73E+03,1.91E+04,0.00E+00,1.20E+01,,,,,,835,0,12
836,5.73E+03,1.92E+04,0.00E+00,1.00E+01,,,,,,836,0,10
837,5.73E+03,1.92E+04,1.00E+00,6.00E+00,,,,,,837,1,6
838,5.73E+03,1.92E+04,1.00E+00,1.60E+01,,,,,,838,1,16
839,5.73E+03,1.92E+04,1.00E+00,2.00E+00,,,,,,839,1,2
840,5.73E+03,1.92E+04,0.00E+00,2.30E+01,,,,,,840,0,23
841,5.73E+03,1.92E+04,0.00E+00,2.10E+01,,,,,,841,0,21
842,5.73E+03,1.92E+04,0.00E+00,2.40E+01,,,,,,842,0,24
843,5.73E+03,1.93E+04,1.00E+00,5.00E+00,,,,,,843,1,5
844,5.73E+03,1.93E+04,0.00E+00,1.70E+01,,,,,,844,0,17
845,5.73E+03,1.93E+04,0.00E+00,4.80E+01,,,,,,845,0,48
846,5.73E+03,1.93E+04,2.00E+00,1.80E+01,,,,,,846,2,18
847,5.73E+03,1.94E+04,0.00E+00,1.60E+01,,,,,,847,0,16
848,5.73E+03,1.94E+04,0.00E+00,1.80E+01,,,,,,848,0,18
849,5.73E+03,1.94E+04,0.00E+00,1.50E+01,,,,,,849,0,15
850,5.74E+03,1.94E+04,1.00E+00,1.20E+01,,,,,,850,1,12
851,5.74E+03,1.94E+04,1.00E+00,1.40E+01,,,,,,851,1,14
852,5.74E+03,1.94E+04,1.00E+00,7.00E+00,,,,,,852,1,7
853,5.74E+03,1.94E+04,0.00E+00,0.00E+00,,,,,,853,0,0
854,5.74E+03,1.94E+04,0.00E+00,3.00E+00,,,,,,854,0,3
855,5.74E+03,1.95E+04,0.00E+00,2.90E+01,,,,,,855,0,29
856,5.74E+03,1.95E+04,1.00E+00,2.20E+01,,,,,,856,1,22
857,5.74E+03,1.95E+04,2.00E+00,2.80E+01,,,,,,857,2,28
858,5.74E+03,1.95E+04,3.00E+00,2.50E+01,,,,,,858,3,25
859,5.75E+03,1.96E+04,3.00E+00,3.20E+01,,,,,,859,3,32
860,5.75E+03,1.96E+04,4.00E+00,1.70E+01,,,,,,860,4,17
861,5.75E+03,1.96E+04,4.00E+00,8.00E+00,,,,,,861,4,8
862,5.76E+03,1.96E+04,2.00E+00,3.50E+01,,,,,,862,2,35
863,5.76E+03,1.96E+04,3.00E+00,3.20E+01,,,,,,863,3,32
864,5.76E+03,1.97E+04,1.00E+00,1.70E+01,,,,,,864,1,17
865,5.76E+03,1.97E+04,0.00E+00,1.70E+01,,,,,,865,0,17
866,5.76E+03,1.97E+04,2.00E+00,1.10E+01,,,,,,866,2,11
867,5.76E+03,1.97E+04,1.00E+00,2.10E+01,,,,,,867,1,21
868,5.77E+03,1.97E+04,3.00E+00,1.80E+01,,,,,,868,3,18
869,5.77E+03,1.97E+04,3.00E+00,2.00E+00,,,,,,869,3,2
870,5.77E+03,1.97E+04,1.00E+00,0.00E+00,,,,,,870,1,0
871,5.77E+03,1.98E+04,4.00E+00,1.50E+01,,,,,,871,4,15
872,5.78E+03,1.98E+04,2.00E+00,1.90E+01,,,,,,872,2,19
873,5.78E+03,1.98E+04,1.00E+00,1.80E+01,,,,,,873,1,18
874,5.78E+03,1.98E+04,2.00E+00,3.20E+01,,,,,,874,2,32
875,5.78E+03,1.99E+04,3.00E+00,8.60E+01,,,,,,875,3,86
876,5.79E+03,2.00E+04,3.00E+00,7.50E+01,,,,,,876,3,75
877,5.79E+03,2.01E+04,0.00E+00,7.90E+01,,,,,,877,0,79
878,5.79E+03,2.01E+04,0.00E+00,8.20E+01,,,,,,878,0,82
879,5.79E+03,2.02E+04,0.00E+00,8.60E+01,,,,,,879,0,86
880,5.79E+03,2.03E+04,2.00E+00,8.20E+01,,,,,,880,2,82
881,5.79E+03,2.04E+04,2.00E+00,9.30E+01,,,,,,881,2,93
882,5.79E+03,2.05E+04,2.00E+00,9.20E+01,,,,,,882,2,92
883,5.79E+03,2.06E+04,2.00E+00,7.90E+01,,,,,,883,2,79
884,5.79E+03,2.07E+04,1.00E+00,8.60E+01,,,,,,884,1,86
885,5.80E+03,2.07E+04,4.00E+00,8.20E+01,,,,,,885,4,82
886,5.80E+03,2.08E+04,1.00E+00,8.70E+01,,,,,,886,1,87
887,5.80E+03,2.09E+04,2.00E+00,8.10E+01,,,,,,887,2,81
888,5.80E+03,2.10E+04,2.00E+00,8.30E+01,,,,,,888,2,83
889,5.81E+03,2.11E+04,2.00E+00,7.90E+01,,,,,,889,2,79
890,5.81E+03,2.11E+04,2.00E+00,7.40E+01,,,,,,890,2,74
891,5.81E+03,2.12E+04,3.00E+00,7.40E+01,,,,,,891,3,74
892,5.81E+03,2.13E+04,3.00E+00,8.30E+01,,,,,,892,3,83
893,5.82E+03,2.14E+04,2.00E+00,7.70E+01,,,,,,893,2,77
894,5.82E+03,2.15E+04,3.00E+00,7.30E+01,,,,,,894,3,73
895,5.82E+03,2.15E+04,2.00E+00,7.70E+01,,,,,,895,2,77
896,5.82E+03,2.16E+04,1.00E+00,7.10E+01,,,,,,896,1,71
897,5.83E+03,2.17E+04,4.00E+00,8.40E+01,,,,,,897,4,84
898,5.83E+03,2.18E+04,4.00E+00,7.20E+01,,,,,,898,4,72
899,5.83E+03,2.18E+04,2.00E+00,7.70E+01,,,,,,899,2,77
900,5.84E+03,2.19E+04,4.00E+00,8.40E+01,,,,,,900,4,84
901,5.84E+03,2.20E+04,2.00E+00,7.40E+01,,,,,,901,2,74
902,5.84E+03,2.21E+04,2.00E+00,6.60E+01,,,,,,902,2,66
903,5.84E+03,2.21E+04,3.00E+00,6.80E+01,,,,,,903,3,68
904,5.84E+03,2.22E+04,2.00E+00,7.10E+01,,,,,,904,2,71
905,5.85E+03,2.23E+04,3.00E+00,7.20E+01,,,,,,905,3,72
906,5.85E+03,2.23E+04,2.00E+00,7.50E+01,,,,,,906,2,75
907,5.85E+03,2.24E+04,3.00E+00,7.00E+01,,,,,,907,3,70
908,5.85E+03,2.25E+04,2.00E+00,6.90E+01,,,,,,908,2,69
909,5.86E+03,2.25E+04,4.00E+00,6.30E+01,,,,,,909,4,63
910,5.86E+03,2.26E+04,1.00E+00,6.80E+01,,,,,,910,1,68
911,5.86E+03,2.27E+04,2.00E+00,5.90E+01,,,,,,911,2,59
912,5.86E+03,2.27E+04,3.00E+00,6.60E+01,,,,,,912,3,66
913,5.87E+03,2.28E+04,3.00E+00,6.90E+01,,,,,,913,3,69
914,5.87E+03,2.29E+04,4.00E+00,6.30E+01,,,,,,914,4,63
915,5.88E+03,2.30E+04,4.00E+00,8.10E+01,,,,,,915,4,81
916,5.88E+03,2.30E+04,2.00E+00,6.70E+01,,,,,,916,2,67
917,5.88E+03,2.31E+04,4.00E+00,6.20E+01,,,,,,917,4,62
918,5.88E+03,2.31E+04,3.00E+00,6.20E+01,,,,,,918,3,62
919,5.89E+03,2.32E+04,3.00E+00,6.70E+01,,,,,,919,3,67
920,5.89E+03,2.33E+04,3.00E+00,7.60E+01,,,,,,920,3,76
921,5.89E+03,2.33E+04,2.00E+00,6.10E+01,,,,,,921,2,61
922,5.89E+03,2.34E+04,1.00E+00,6.10E+01,,,,,,922,1,61
923,5.89E+03,2.35E+04,0.00E+00,6.90E+01,,,,,,923,0,69
924,5.89E+03,2.35E+04,0.00E+00,5.70E+01,,,,,,924,0,57
925,5.89E+03,2.36E+04,0.00E+00,6.70E+01,,,,,,925,0,67
926,5.90E+03,2.37E+04,2.00E+00,5.70E+01,,,,,,926,2,57
927,5.90E+03,2.37E+04,3.00E+00,6.20E+01,,,,,,927,3,62
928,5.90E+03,2.38E+04,3.00E+00,7.70E+01,,,,,,928,3,77
929,5.90E+03,2.39E+04,2.00E+00,6.90E+01,,,,,,929,2,69
930,5.91E+03,2.39E+04,2.00E+00,5.20E+01,,,,,,930,2,52
931,5.91E+03,2.40E+04,2.00E+00,5.40E+01,,,,,,931,2,54
932,5.91E+03,2.40E+04,2.00E+00,5.10E+01,,,,,,932,2,51
933,5.91E+03,2.41E+04,2.00E+00,5.70E+01,,,,,,933,2,57
934,5.91E+03,2.41E+04,0.00E+00,5.90E+01,,,,,,934,0,59
935,5.91E+03,2.42E+04,2.00E+00,5.80E+01,,,,,,935,2,58
936,5.92E+03,2.43E+04,4.00E+00,6.80E+01,,,,,,936,4,68
937,5.92E+03,2.43E+04,2.00E+00,5.80E+01,,,,,,937,2,58
938,5.92E+03,2.44E+04,3.00E+00,6.30E+01,,,,,,938,3,63
939,5.92E+03,2.44E+04,2.00E+00,6.30E+01,,,,,,939,2,63
940,5.93E+03,2.45E+04,3.00E+00,6.00E+01,,,,,,940,3,60
941,5.93E+03,2.46E+04,1.00E+00,6.40E+01,,,,,,941,1,64
942,5.93E+03,2.46E+04,1.00E+00,6.80E+01,,,,,,942,1,68
943,5.93E+03,2.47E+04,0.00E+00,7.10E+01,,,,,,943,0,71
944,5.93E+03,2.48E+04,0.00E+00,6.60E+01,,,,,,944,0,66
945,5.93E+03,2.48E+04,0.00E+00,2.90E+01,,,,,,945,0,29
946,5.93E+03,2.48E+04,1.00E+00,7.00E+00,,,,,,946,1,7
947,5.93E+03,2.48E+04,0.00E+00,9.00E+00,,,,,,947,0,9
948,5.93E+03,2.48E+04,0.00E+00,0.00E+00,,,,,,948,0,0
949,5.93E+03,2.48E+04,0.00E+00,8.00E+00,,,,,,949,0,8
950,5.93E+03,2.48E+04,3.00E+00,6.00E+00,,,,,,950,3,6
951,5.93E+03,2.48E+04,0.00E+00,0.00E+00,,,,,,951,0,0
952,5.93E+03,2.48E+04,0.00E+00,0.00E+00,,,,,,952,0,0
953,5.93E+03,2.48E+04,1.00E+00,0.00E+00,,,,,,953,1,0
954,5.93E+03,2.48E+04,0.00E+00,1.00E+00,,,,,,954,0,1
955,5.93E+03,2.48E+04,0.00E+00,0.00E+00,,,,,,955,0,0
956,5.93E+03,2.48E+04,0.00E+00,0.00E+00,,,,,,956,0,0
957,5.94E+03,2.48E+04,1.00E+00,0.00E+00,,,,,,957,1,0
958,5.94E+03,2.48E+04,0.00E+00,1.00E+00,,,,,,958,0,1
959,5.94E+03,2.48E+04,0.00E+00,0.00E+00,,,,,,959,0,0
960,5.94E+03,2.48E+04,0.00E+00,2.00E+00,,,,,,960,0,2
961,5.94E+03,2.48E+04,1.00E+00,2.00E+00,,,,,,961,1,2
962,5.94E+03,2.48E+04,0.00E+00,0.00E+00,,,,,,962,0,0
963,5.94E+03,2.48E+04,0.00E+00,0.00E+00,,,,,,963,0,0
964,5.94E+03,2.48E+04,0.00E+00,0.00E+00,,,,,,964,0,0
965,5.94E+03,2.48E+04,1.00E+00,1.00E+00,,,,,,965,1,1
966,5.94E+03,2.49E+04,0.00E+00,9.00E+00,,,,,,966,0,9
967,5.94E+03,2.49E+04,0.00E+00,1.00E+00,,,,,,967,0,1
968,5.94E+03,2.49E+04,1.00E+00,0.00E+00,,,,,,968,1,0
969,5.94E+03,2.49E+04,0.00E+00,0.00E+00,,,,,,969,0,0
970,5.94E+03,2.49E+04,0.00E+00,1.00E+01,,,,,,970,0,10
971,5.94E+03,2.49E+04,0.00E+00,7.00E+00,,,,,,971,0,7
972,5.94E+03,2.49E+04,2.00E+00,0.00E+00,,,,,,972,2,0
973,5.94E+03,2.49E+04,0.00E+00,2.00E+00,,,,,,973,0,2
974,5.94E+03,2.49E+04,1.00E+00,9.00E+00,,,,,,974,1,9
975,5.94E+03,2.49E+04,1.00E+00,1.20E+01,,,,,,975,1,12
976,5.94E+03,2.49E+04,1.00E+00,9.00E+00,,,,,,976,1,9
977,5.95E+03,2.49E+04,2.00E+00,5.00E+00,,,,,,977,2,5
978,5.95E+03,2.49E+04,0.00E+00,1.40E+01,,,,,,978,0,14
979,5.95E+03,2.49E+04,0.00E+00,1.70E+01,,,,,,979,0,17
980,5.95E+03,2.49E+04,0.00E+00,1.00E+01,,,,,,980,0,10
981,5.95E+03,2.50E+04,1.00E+00,1.40E+01,,,,,,981,1,14
982,5.95E+03,2.50E+04,0.00E+00,9.00E+00,,,,,,982,0,9
983,5.95E+03,2.50E+04,0.00E+00,2.00E+01,,,,,,983,0,20
984,5.95E+03,2.50E+04,0.00E+00,1.60E+01,,,,,,984,0,16
985,5.95E+03,2.50E+04,2.00E+00,4.00E+00,,,,,,985,2,4
986,5.95E+03,2.50E+04,0.00E+00,5.00E+00,,,,,,986,0,5
987,5.95E+03,2.50E+04,0.00E+00,9.00E+00,,,,,,987,0,9
988,5.95E+03,2.50E+04,0.00E+00,6.00E+00,,,,,,988,0,6
989,5.95E+03,2.50E+04,1.00E+00,3.00E+00,,,,,,989,1,3
990,5.95E+03,2.50E+04,0.00E+00,0.00E+00,,,,,,990,0,0
991,5.95E+03,2.50E+04,1.00E+00,0.00E+00,,,,,,991,1,0
992,5.95E+03,2.50E+04,0.00E+00,0.00E+00,,,,,,992,0,0
993,5.95E+03,2.50E+04,0.00E+00,7.00E+00,,,,,,993,0,7
994,5.95E+03,2.51E+04,0.00E+00,2.10E+01,,,,,,994,0,21
995,5.95E+03,2.51E+04,1.00E+00,0.00E+00,,,,,,995,1,0
996,5.95E+03,2.51E+04,0.00E+00,0.00E+00,,,,,,996,0,0
997,5.95E+03,2.51E+04,1.00E+00,0.00E+00,,,,,,997,1,0
998,5.95E+03,2.51E+04,0.00E+00,3.00E+00,,,,,,998,0,3
999,5.95E+03,2.51E+04,0.00E+00,4.00E+00,,,,,,999,0,4
1000,5.95E+03,2.51E+04,1.00E+00,0.00E+00,,,,,,1000,1,0