Episode, (Transfer RGB), (Transfer RGBD),,,,Episode, (Transfer RGB)/episode, (Transfer RGBD)/episode
1,-1.56E+00,6.19E-02,,,,1,-1.56E+00,6.19E-02
2,-5.05E+00,-4.04E+00,,,,2,-3.49E+00,-4.10E+00
3,-6.65E+00,-6.10E+00,,,,3,-1.60E+00,-2.06E+00
4,-5.16E+00,-7.87E+00,,,,4,1.490758419,-1.78E+00
5,-5.65E+00,-1.17E+01,,,,5,-0.498969555,-3.84E+00
6,-7.25E-01,-1.54E+01,,,,6,4.929797113,-3.69E+00
7,3.14E+00,-1.80E+01,,,,7,3.861331522,-2.60E+00
8,2.86E+00,-1.70E+01,,,,8,-0.27276516,1.05E+00
9,4.04E+00,-1.67E+01,,,,9,1.175679684,2.86E-01
10,4.06E+00,-1.93E+01,,,,10,0.022696018,-2.59E+00
11,6.52E+00,-2.06E+01,,,,11,2.462780952,-1.29E+00
12,3.72E+00,-2.23E+01,,,,12,-2.8074193,-1.75E+00
13,8.25E+00,-2.16E+01,,,,13,4.537324905,6.91E-01
14,3.79E+00,-2.33E+01,,,,14,-4.462862253,-1.73E+00
15,4.50E+00,-2.53E+01,,,,15,0.708466291,-1.94E+00
16,5.87E+00,-2.56E+01,,,,16,1.370765209,-2.82E-01
17,3.04E+00,-2.66E+01,,,,17,-2.832334757,-1.06E+00
18,7.91E-01,-2.92E+01,,,,18,-2.247991025,-2.60E+00
19,2.07E+00,-2.84E+01,,,,19,1.275514066,8.14E-01
20,2.92E+00,-2.82E+01,,,,20,0.852011442,2.06E-01
21,-1.89E+00,-2.88E+01,,,,21,-4.812387347,-6.45E-01
22,6.94E-01,-2.96E+01,,,,22,2.587852538,-7.40E-01
23,2.64E+00,-2.93E+01,,,,23,1.949941933,2.72E-01
24,5.18E+00,-3.08E+01,,,,24,2.536881447,-1.51E+00
25,8.70E+00,-3.24E+01,,,,25,3.516939163,-1.54E+00
26,4.86E+00,-3.18E+01,,,,26,-3.838249207,5.71E-01
27,-4.19E+00,-3.19E+01,,,,27,-9.04962635,-7.78E-02
28,-5.23E+00,-3.10E+01,,,,28,-1.042398453,9.09E-01
29,-9.80E+00,-3.44E+01,,,,29,-4.572294235,-3.41E+00
30,-5.57E+00,-3.44E+01,,,,30,4.234522343,-7.38E-02
31,-1.12E+01,-3.61E+01,,,,31,-5.587713718,-1.69E+00
32,-5.85E+00,-3.55E+01,,,,32,5.304536819,5.90E-01
33,-9.68E+00,-3.43E+01,,,,33,-3.828043938,1.22E+00
34,-1.01E+01,-3.51E+01,,,,34,-0.395709991,-7.45E-01
35,-1.24E+01,-3.44E+01,,,,35,-2.360289574,6.33E-01
36,-7.15E+00,-3.45E+01,,,,36,5.28729248,-4.23E-02
37,-8.36E+00,-3.47E+01,,,,37,-1.205501556,-2.27E-01
38,-9.05E+00,-3.52E+01,,,,38,-0.697611809,-5.16E-01
39,-7.78E+00,-3.76E+01,,,,39,1.275653362,-2.36E+00
40,-6.44E+00,-3.91E+01,,,,40,1.333101273,-1.54E+00
41,-8.69E+00,-3.93E+01,,,,41,-2.247247219,-1.82E-01
42,-5.08E+00,-3.81E+01,,,,42,3.616519928,1.23E+00
43,-1.37E+00,-3.79E+01,,,,43,3.705853224,1.45E-01
44,-4.64E+00,-3.69E+01,,,,44,-3.266793013,1.04E+00
45,-8.65E+00,-3.63E+01,,,,45,-4.014389992,6.03E-01
46,-7.08E+00,-3.73E+01,,,,46,1.567013264,-9.87E-01
47,-3.67E+00,-3.63E+01,,,,47,3.412795067,9.80E-01
48,-4.67E+00,-3.67E+01,,,,48,-1.002985477,-4.52E-01
49,2.04E+00,-3.66E+01,,,,49,6.715018749,1.22E-01
50,7.51E-01,-3.74E+01,,,,50,-1.290555537,-8.17E-01
51,-3.11E+00,-3.43E+01,,,,51,-3.863501489,3.14E+00
52,-4.17E+00,-3.51E+01,,,,52,-1.057329655,-8.04E-01
53,-3.89E+00,-3.23E+01,,,,53,0.283304691,2.79E+00
54,-2.13E-01,-2.86E+01,,,,54,3.674261793,3.71E+00
55,-2.44E+00,-2.85E+01,,,,55,-2.227357373,1.33E-01
56,-5.02E+00,-2.73E+01,,,,56,-2.578837156,1.19E+00
57,-2.89E+00,-2.62E+01,,,,57,2.129500628,1.05E+00
58,-6.59E+00,-2.16E+01,,,,58,-3.704829931,4.60E+00
59,-6.49E+00,-2.16E+01,,,,59,0.105582714,1.49E-04
60,-7.80E+00,-1.95E+01,,,,60,-1.306620121,2.16E+00
61,-1.11E+01,-1.77E+01,,,,61,-3.270924568,1.82E+00
62,-8.98E+00,-1.25E+01,,,,62,2.086643219,5.12E+00
63,-9.91E+00,-1.01E+01,,,,63,-0.932707787,2.40E+00
64,-1.11E+01,-5.87E+00,,,,64,-1.16627121,4.27E+00
65,-1.33E+01,-6.95E+00,,,,65,-2.271419525,-1.08E+00
66,-1.30E+01,-3.11E+00,,,,66,0.333763123,3.84E+00
67,-1.30E+01,-4.45E+00,,,,67,0.00867939,-1.34E+00
68,-1.17E+01,-1.88E+00,,,,68,1.267307281,2.57E+00
69,-1.09E+01,1.14E+01,,,,69,0.794445038,1.32E+01
70,-9.62E+00,1.36E+01,,,,70,1.328564644,2.24E+00
71,-8.87E+00,1.52E+01,,,,71,0.74930954,1.56E+00
72,-8.04E+00,3.06E+01,,,,72,0.831453323,1.55E+01
73,-7.03E+00,3.45E+01,,,,73,1.008664131,3.85E+00
74,-6.47E+00,3.85E+01,,,,74,0.553695679,4.00E+00
75,-6.50E+00,3.96E+01,,,,75,-0.026187897,1.11E+00
76,-3.25E+00,4.79E+01,,,,76,3.252789259,8.29E+00
77,-2.16E+00,4.34E+01,,,,77,1.088662148,-4.51E+00
78,-2.65E+00,3.67E+01,,,,78,-0.493699074,-6.67E+00
79,-2.14E+00,3.67E+01,,,,79,0.515067577,9.77E-03
80,-3.01E+00,3.35E+01,,,,80,-0.8731637,-3.24E+00
81,-3.46E+00,3.35E+01,,,,81,-0.452887297,0.00E+00
82,-4.31E+00,3.04E+01,,,,82,-0.842444897,-3.12E+00
83,-7.79E+00,2.75E+01,,,,83,-3.484202862,-2.84E+00
84,-1.00E+01,2.63E+01,,,,84,-2.248683929,-1.24E+00
85,-1.14E+01,2.87E+01,,,,85,-1.329748154,2.38E+00
86,-1.11E+01,2.86E+01,,,,86,0.243144035,-1.90E-02
87,-1.23E+01,4.38E+01,,,,87,-1.219733238,1.51E+01
88,-1.46E+01,4.72E+01,,,,88,-2.265769958,3.41E+00
89,-1.53E+01,5.59E+01,,,,89,-0.643363953,8.71E+00
90,-1.74E+01,6.45E+01,,,,90,-2.141844749,8.58E+00
91,-1.86E+01,6.80E+01,,,,91,-1.220468521,3.52E+00
92,-1.80E+01,7.17E+01,,,,92,0.621290207,3.72E+00
93,-1.89E+01,7.91E+01,,,,93,-0.928012848,7.39E+00
94,-2.18E+01,8.05E+01,,,,94,-2.846567154,1.39E+00
95,-2.46E+01,7.62E+01,,,,95,-2.844961166,-4.30E+00
96,-2.49E+01,7.98E+01,,,,96,-0.267715454,3.58E+00
97,-2.47E+01,8.64E+01,,,,97,0.227893829,6.61E+00
98,-2.57E+01,8.57E+01,,,,98,-1.054494858,-6.18E-01
99,-2.54E+01,8.42E+01,,,,99,0.306606293,-1.57E+00
100,-2.72E+01,8.75E+01,,,,100,-1.828886032,3.27E+00
101,-2.87E+01,9.58E+01,,,,101,-1.435501099,8.36E+00
102,-2.92E+01,9.94E+01,,,,102,-0.537115097,3.56E+00
103,-2.81E+01,1.11E+02,,,,103,1.094667435,1.13E+01
104,-2.80E+01,1.10E+02,,,,104,0.11372757,-5.81E-01
105,-2.79E+01,1.17E+02,,,,105,0.079078674,6.67E+00
106,-2.82E+01,1.24E+02,,,,106,-0.284942627,7.20E+00
107,-2.96E+01,1.16E+02,,,,107,-1.358743668,-7.71E+00
108,-2.94E+01,1.35E+02,,,,108,0.139719009,1.90E+01
109,-2.93E+01,1.54E+02,,,,109,0.157775879,1.87E+01
110,-2.89E+01,1.64E+02,,,,110,0.366746902,1.00E+01
111,-2.99E+01,1.61E+02,,,,111,-0.990736008,-2.79E+00
112,-3.08E+01,1.71E+02,,,,112,-0.87594223,9.86E+00
113,-3.08E+01,1.71E+02,,,,113,-0.046947479,0.00E+00
114,-2.93E+01,1.73E+02,,,,114,1.482549667,2.47E+00
115,-2.84E+01,1.71E+02,,,,115,0.95557785,-2.85E+00
116,-3.03E+01,1.79E+02,,,,116,-1.88725853,8.56E+00
117,-2.88E+01,1.77E+02,,,,117,1.470155716,-2.66E+00
118,-2.62E+01,1.83E+02,,,,118,2.563205719,6.53E+00
119,-2.62E+01,1.94E+02,,,,119,0.030509949,1.08E+01
120,-2.29E+01,2.03E+02,,,,120,3.282823563,8.73E+00
121,-2.20E+01,2.14E+02,,,,121,0.943599701,1.17E+01
122,-2.20E+01,2.10E+02,,,,122,-0.052082062,-4.17E+00
123,-2.40E+01,2.17E+02,,,,123,-1.969758987,6.59E+00
124,-1.02E+01,2.31E+02,,,,124,13.81600857,1.47E+01
125,-1.01E+01,2.32E+02,,,,125,0.072312355,4.66E-01
126,-9.74E+00,2.28E+02,,,,126,0.359807968,-4.22E+00
127,-6.83E+00,2.23E+02,,,,127,2.913518906,-4.23E+00
128,-3.67E+00,2.38E+02,,,,128,3.15703845,1.45E+01
129,-2.88E+00,2.42E+02,,,,129,0.787687778,4.30E+00
130,-2.87E+00,2.54E+02,,,,130,0.013411522,1.15E+01
131,1.19E+00,2.62E+02,,,,131,4.058680296,8.46E+00
132,6.86E+00,2.61E+02,,,,132,5.676193237,-1.39E+00
133,8.86E+00,2.62E+02,,,,133,1.99147892,1.47E+00
134,9.09E+00,2.63E+02,,,,134,0.231489182,8.60E-01
135,9.91E+00,2.61E+02,,,,135,0.821623802,-1.85E+00
136,1.08E+01,2.65E+02,,,,136,0.86438942,4.02E+00
137,2.45E+01,2.66E+02,,,,137,13.75096416,1.21E+00
138,2.62E+01,2.77E+02,,,,138,1.682386398,1.04E+01
139,2.46E+01,2.90E+02,,,,139,-1.64166069,1.28E+01
140,2.57E+01,3.07E+02,,,,140,1.098787308,1.73E+01
141,2.77E+01,3.05E+02,,,,141,1.986356735,-1.87E+00
142,2.88E+01,3.16E+02,,,,142,1.151597977,1.05E+01
143,2.94E+01,3.29E+02,,,,143,0.644916534,1.33E+01
144,3.00E+01,3.26E+02,,,,144,0.601947784,-2.96E+00
145,3.18E+01,3.37E+02,,,,145,1.71726799,1.10E+01
146,3.63E+01,3.48E+02,,,,146,4.537994385,1.14E+01
147,4.37E+01,3.55E+02,,,,147,7.43719101,6.82E+00
148,4.20E+01,3.71E+02,,,,148,-1.756095886,1.61E+01
149,4.92E+01,3.87E+02,,,,149,7.218193054,1.60E+01
150,4.92E+01,3.89E+02,,,,150,0,1.99E+00
151,4.32E+01,3.92E+02,,,,151,-5.954280853,2.86E+00
152,4.21E+01,4.07E+02,,,,152,-1.134971619,1.53E+01
153,3.65E+01,4.07E+02,,,,153,-5.653259277,8.72E-02
154,3.49E+01,4.15E+02,,,,154,-1.524482727,7.08E+00
155,3.35E+01,4.19E+02,,,,155,-1.430587769,4.68E+00
156,3.74E+01,4.27E+02,,,,156,3.936660767,7.38E+00
157,3.61E+01,4.27E+02,,,,157,-1.371360779,3.22E-01
158,4.17E+01,4.40E+02,,,,158,5.65977478,1.33E+01
159,4.36E+01,4.44E+02,,,,159,1.889827728,3.70E+00
160,4.92E+01,4.43E+02,,,,160,5.574085236,-1.39E+00
161,5.00E+01,4.52E+02,,,,161,0.767799377,9.68E+00
162,5.26E+01,4.54E+02,,,,162,2.661521912,2.16E+00
163,5.24E+01,4.57E+02,,,,163,-0.253009796,2.56E+00
164,5.24E+01,4.59E+02,,,,164,0,1.83E+00
165,4.68E+01,4.64E+02,,,,165,-5.541099548,5.53E+00
166,4.58E+01,4.70E+02,,,,166,-1.067745209,5.72E+00
167,4.98E+01,4.73E+02,,,,167,4.052146912,3.39E+00
168,5.21E+01,4.81E+02,,,,168,2.316337585,7.85E+00
169,5.16E+01,4.86E+02,,,,169,-0.491699219,5.05E+00
170,5.11E+01,4.91E+02,,,,170,-0.544822693,4.31E+00
171,5.11E+01,4.93E+02,,,,171,0,1.97E+00
172,5.11E+01,4.98E+02,,,,172,0.015090942,4.99E+00
173,5.81E+01,5.00E+02,,,,173,6.943828583,2.73E+00
174,6.39E+01,5.06E+02,,,,174,5.872085571,6.19E+00
175,6.98E+01,5.12E+02,,,,175,5.847789764,5.94E+00
176,7.47E+01,5.18E+02,,,,176,4.92514801,5.21E+00
177,7.54E+01,5.20E+02,,,,177,0.72102356,2.23E+00
178,8.81E+01,5.25E+02,,,,178,12.66187286,5.60E+00
179,9.97E+01,5.18E+02,,,,179,11.58460236,-7.36E+00
180,1.09E+02,5.18E+02,,,,180,9.580596924,0.00E+00
181,1.15E+02,5.26E+02,,,,181,5.297477722,8.16E+00
182,1.20E+02,5.27E+02,,,,182,5.291053772,6.69E-01
183,1.34E+02,5.34E+02,,,,183,13.95013428,7.15E+00
184,1.38E+02,5.36E+02,,,,184,4.571762085,1.96E+00
185,1.37E+02,5.41E+02,,,,185,-1.166519165,4.95E+00
186,1.41E+02,5.42E+02,,,,186,3.843521118,1.03E+00
187,1.47E+02,5.40E+02,,,,187,6.383453369,-2.17E+00
188,1.50E+02,5.46E+02,,,,188,2.251541138,6.26E+00
189,1.56E+02,5.46E+02,,,,189,6.747085571,0.00E+00
190,1.68E+02,5.46E+02,,,,190,11.34269714,0.00E+00
191,1.67E+02,5.42E+02,,,,191,-0.700958252,-4.12E+00
192,1.73E+02,5.58E+02,,,,192,5.768096924,1.58E+01
193,1.73E+02,5.63E+02,,,,193,0,5.46E+00
194,1.73E+02,5.66E+02,,,,194,0,3.14E+00
195,1.88E+02,5.71E+02,,,,195,15.45698547,4.25E+00
196,1.88E+02,5.71E+02,,,,196,-0.576782227,0.00E+00
197,1.94E+02,5.71E+02,,,,197,6.210617065,0.00E+00
198,1.94E+02,5.71E+02,,,,198,0,0.00E+00
199,1.94E+02,5.77E+02,,,,199,0,6.44E+00
200,1.92E+02,5.81E+02,,,,200,-2.334030151,4.13E+00
201,1.82E+02,5.78E+02,,,,201,-9.370346069,-3.62E+00
202,1.82E+02,5.95E+02,,,,202,0,1.78E+01
203,1.85E+02,5.97E+02,,,,203,3.237609863,1.93E+00
204,1.85E+02,5.97E+02,,,,204,0,0.00E+00
205,1.85E+02,5.97E+02,,,,205,0,0.00E+00
206,1.85E+02,5.92E+02,,,,206,0,-5.03E+00
207,1.80E+02,6.02E+02,,,,207,-5.245773315,9.69E+00
208,1.80E+02,6.08E+02,,,,208,0,5.57E+00
209,1.80E+02,6.17E+02,,,,209,0,9.05E+00
210,1.80E+02,6.30E+02,,,,210,0,1.32E+01
211,1.70E+02,6.28E+02,,,,211,-10.61154175,-1.81E+00
212,1.70E+02,6.37E+02,,,,212,0,9.56E+00
213,1.70E+02,6.51E+02,,,,213,0,1.35E+01
214,1.62E+02,6.67E+02,,,,214,-8.066009521,1.62E+01
215,1.66E+02,6.71E+02,,,,215,4.824539185,3.36E+00
216,1.75E+02,6.73E+02,,,,216,8.945129395,2.26E+00
217,1.76E+02,6.73E+02,,,,217,0.733581543,-2.19E-01
218,1.76E+02,6.89E+02,,,,218,0,1.60E+01
219,1.71E+02,6.90E+02,,,,219,-4.668640137,1.15E+00
220,1.71E+02,6.98E+02,,,,220,0,8.48E+00
221,1.71E+02,6.96E+02,,,,221,0,-1.89E+00
222,1.71E+02,7.08E+02,,,,222,0,1.17E+01
223,1.71E+02,7.22E+02,,,,223,0.074508667,1.39E+01
224,1.78E+02,7.22E+02,,,,224,6.466308594,0.00E+00
225,1.78E+02,7.24E+02,,,,225,0,1.78E+00
226,1.78E+02,7.27E+02,,,,226,0,3.48E+00
227,1.74E+02,7.27E+02,,,,227,-3.484893799,0.00E+00
228,1.74E+02,7.27E+02,,,,228,-0.082519531,0.00E+00
229,1.77E+02,7.23E+02,,,,229,2.792831421,-4.23E+00
230,1.78E+02,7.23E+02,,,,230,1.032150269,0.00E+00
231,1.89E+02,7.23E+02,,,,231,11.26837158,0.00E+00
232,1.89E+02,7.27E+02,,,,232,0,4.18E+00
233,2.03E+02,7.39E+02,,,,233,13.38713074,1.19E+01
234,2.04E+02,7.39E+02,,,,234,1.560852051,0.00E+00
235,2.05E+02,7.40E+02,,,,235,0.702178955,4.91E-01
236,2.30E+02,7.34E+02,,,,236,24.88420105,-5.62E+00
237,2.36E+02,7.34E+02,,,,237,6.457931519,0.00E+00
238,2.36E+02,7.33E+02,,,,238,0,-9.10E-01
239,2.36E+02,7.38E+02,,,,239,0,5.19E+00
240,2.49E+02,7.53E+02,,,,240,13.00514221,1.48E+01
241,2.63E+02,7.54E+02,,,,241,13.69467163,9.48E-01
242,2.67E+02,7.54E+02,,,,242,3.388916016,0.00E+00
243,2.68E+02,7.50E+02,,,,243,1.955657959,-4.31E+00
244,2.70E+02,7.55E+02,,,,244,1.924285889,5.40E+00
245,2.70E+02,7.55E+02,,,,245,-0.631011963,0.00E+00
246,2.70E+02,7.55E+02,,,,246,0.411132813,0.00E+00
247,2.70E+02,7.55E+02,,,,247,-0.23236084,-3.17E-01
248,2.97E+02,7.57E+02,,,,248,27.02163696,2.13E+00
249,2.97E+02,7.57E+02,,,,249,0,0.00E+00
250,2.97E+02,7.62E+02,,,,250,0,5.21E+00
251,2.97E+02,7.77E+02,,,,251,0,1.52E+01
252,3.08E+02,7.86E+02,,,,252,10.83709717,8.70E+00
253,3.20E+02,7.97E+02,,,,253,12.10974121,1.09E+01
254,3.23E+02,8.16E+02,,,,254,3.455749512,1.90E+01
255,3.25E+02,8.31E+02,,,,255,1.277954102,1.46E+01
256,3.27E+02,8.27E+02,,,,256,2.491027832,-3.36E+00
257,3.29E+02,8.44E+02,,,,257,2.099304199,1.72E+01
258,3.31E+02,8.60E+02,,,,258,1.91595459,1.53E+01
259,3.31E+02,8.67E+02,,,,259,0,7.69E+00
260,3.31E+02,8.83E+02,,,,260,0,1.57E+01
261,3.29E+02,8.82E+02,,,,261,-2.156402588,-1.11E+00
262,3.29E+02,8.82E+02,,,,262,0,0.00E+00
263,3.29E+02,8.82E+02,,,,263,0,0.00E+00
264,3.29E+02,8.82E+02,,,,264,0,0.00E+00
265,3.39E+02,8.88E+02,,,,265,10.06481934,5.52E+00
266,3.39E+02,9.06E+02,,,,266,0,1.81E+01
267,3.39E+02,9.12E+02,,,,267,-0.5206604,6.14E+00
268,3.51E+02,9.27E+02,,,,268,12.60238647,1.56E+01
269,3.52E+02,9.39E+02,,,,269,1.154907227,1.12E+01
270,3.52E+02,9.45E+02,,,,270,0,6.60E+00
271,3.52E+02,9.68E+02,,,,271,0,2.29E+01
272,3.61E+02,9.79E+02,,,,272,8.3621521,1.05E+01
273,3.63E+02,9.95E+02,,,,273,1.856170654,1.59E+01
274,3.64E+02,9.95E+02,,,,274,0.999267578,0.00E+00
275,3.64E+02,9.90E+02,,,,275,0,-4.39E+00
276,3.72E+02,1.00E+03,,,,276,8.628143311,1.14E+01
277,3.75E+02,1.01E+03,,,,277,2.889556885,1.33E+01
278,3.75E+02,1.03E+03,,,,278,0,1.40E+01
279,3.77E+02,1.04E+03,,,,279,1.932403564,1.19E+01
280,3.80E+02,1.04E+03,,,,280,3.064697266,-6.69E-01
281,3.94E+02,1.04E+03,,,,281,13.76739502,1.83E+00
282,3.96E+02,1.04E+03,,,,282,1.88885498,5.69E-01
283,3.98E+02,1.05E+03,,,,283,1.912963867,7.07E+00
284,3.99E+02,1.05E+03,,,,284,1.868774414,0.00E+00
285,4.02E+02,1.05E+03,,,,285,2.794342041,-3.09E-01
286,4.12E+02,1.06E+03,,,,286,9.576385498,1.11E+01
287,4.13E+02,1.07E+03,,,,287,1.479888916,1.29E+01
288,4.16E+02,1.08E+03,,,,288,2.540252686,4.47E+00
289,4.20E+02,1.09E+03,,,,289,3.837615967,1.49E+01
290,4.22E+02,1.10E+03,,,,290,2.511474609,7.14E+00
291,4.32E+02,1.11E+03,,,,291,10.19778442,5.68E+00
292,4.49E+02,1.11E+03,,,,292,16.27627563,1.90E+00
293,4.63E+02,1.11E+03,,,,293,14.05838013,3.70E+00
294,4.64E+02,1.12E+03,,,,294,1.124664307,1.32E+01
295,4.64E+02,1.14E+03,,,,295,0,1.31E+01
296,4.64E+02,1.13E+03,,,,296,0,-5.09E+00
297,4.61E+02,1.14E+03,,,,297,-2.473358154,4.63E+00
298,4.73E+02,1.15E+03,,,,298,11.85540771,1.26E+01
299,4.84E+02,1.16E+03,,,,299,10.86431885,1.35E+01
300,4.88E+02,1.17E+03,,,,300,3.968261719,1.03E+01
301,4.87E+02,1.18E+03,,,,301,-0.916473389,6.35E+00
302,4.92E+02,1.18E+03,,,,302,4.38671875,0.00E+00
303,5.03E+02,1.18E+03,,,,303,11.11486816,0.00E+00
304,5.09E+02,1.17E+03,,,,304,6.494476318,-4.90E+00
305,5.09E+02,1.18E+03,,,,305,0,9.92E+00
306,5.09E+02,1.20E+03,,,,306,0,1.74E+01
307,5.14E+02,1.21E+03,,,,307,4.569824219,7.41E+00
308,5.14E+02,1.22E+03,,,,308,0,9.01E+00
309,5.14E+02,1.23E+03,,,,309,0,8.43E+00
310,5.14E+02,1.23E+03,,,,310,0,5.20E+00
311,5.12E+02,1.25E+03,,,,311,-1.611694336,1.32E+01
312,5.12E+02,1.26E+03,,,,312,0,1.13E+01
313,5.11E+02,1.26E+03,,,,313,-1.163604736,1.04E+00
314,5.13E+02,1.26E+03,,,,314,1.673797607,2.44E+00
315,5.28E+02,1.27E+03,,,,315,15.24841309,8.24E+00
316,5.35E+02,1.27E+03,,,,316,7.275390625,-1.93E+00
317,5.35E+02,1.27E+03,,,,317,0,5.03E+00
318,5.35E+02,1.29E+03,,,,318,0,1.54E+01
319,5.35E+02,1.30E+03,,,,319,0,1.57E+01
320,5.34E+02,1.30E+03,,,,320,-1.082763672,2.32E+00
321,5.34E+02,1.31E+03,,,,321,0,3.33E+00
322,5.34E+02,1.32E+03,,,,322,0,1.55E+01
323,5.50E+02,1.33E+03,,,,323,15.93151855,6.62E+00
324,5.50E+02,1.34E+03,,,,324,-0.211730957,1.17E+01
325,5.56E+02,1.35E+03,,,,325,6.517028809,9.34E+00
326,5.72E+02,1.34E+03,,,,326,15.92138672,-7.79E+00
327,5.84E+02,1.36E+03,,,,327,11.90710449,1.34E+01
328,5.84E+02,1.36E+03,,,,328,0,9.67E-01
329,5.88E+02,1.36E+03,,,,329,4.260803223,-9.27E-01
330,6.09E+02,1.36E+03,,,,330,21.09320068,0.00E+00
331,6.29E+02,1.36E+03,,,,331,19.84503174,3.30E-01
332,6.33E+02,1.36E+03,,,,332,3.925048828,4.79E+00
333,6.33E+02,1.36E+03,,,,333,0,4.01E-01
334,6.38E+02,1.37E+03,,,,334,5.114318848,7.25E+00
335,6.38E+02,1.38E+03,,,,335,0,7.63E+00
336,6.40E+02,1.38E+03,,,,336,1.44909668,0.00E+00
337,6.51E+02,1.38E+03,,,,337,11.34643555,0.00E+00
338,6.51E+02,1.37E+03,,,,338,0,-5.54E+00
339,6.51E+02,1.38E+03,,,,339,0,5.59E+00
340,6.54E+02,1.38E+03,,,,340,3.083007813,2.74E+00
341,6.54E+02,1.38E+03,,,,341,0,0.00E+00
342,6.54E+02,1.38E+03,,,,342,0,7.03E-02
343,6.54E+02,1.38E+03,,,,343,0,-1.32E+00
344,6.72E+02,1.39E+03,,,,344,17.97540283,1.41E+01
345,6.97E+02,1.40E+03,,,,345,24.34020996,4.65E+00
346,6.97E+02,1.41E+03,,,,346,0,8.20E+00
347,7.16E+02,1.40E+03,,,,347,19.53796387,-6.65E+00
348,7.33E+02,1.41E+03,,,,348,16.66729736,1.04E+01
349,7.33E+02,1.42E+03,,,,349,0,1.29E+01
350,7.42E+02,1.43E+03,,,,350,9.150878906,7.32E+00
351,7.42E+02,1.44E+03,,,,351,0,1.03E+01
352,7.42E+02,1.45E+03,,,,352,0,9.38E+00
353,7.42E+02,1.45E+03,,,,353,0,1.50E+00
354,7.37E+02,1.46E+03,,,,354,-5.051330566,1.32E+01
355,7.44E+02,1.47E+03,,,,355,7.472229004,8.07E+00
356,7.49E+02,1.47E+03,,,,356,4.60748291,-3.00E-02
357,7.49E+02,1.47E+03,,,,357,0,-1.02E+00
358,7.49E+02,1.48E+03,,,,358,0,6.05E+00
359,7.70E+02,1.49E+03,,,,359,21.39520264,1.16E+01
360,7.83E+02,1.49E+03,,,,360,12.59844971,-2.57E+00
361,7.83E+02,1.49E+03,,,,361,0,-9.90E-01
362,7.83E+02,1.49E+03,,,,362,0,1.22E+00
363,7.83E+02,1.49E+03,,,,363,0,8.43E+00
364,7.78E+02,1.51E+03,,,,364,-5.115112305,1.83E+01
365,7.82E+02,1.52E+03,,,,365,4.040039063,5.66E+00
366,7.86E+02,1.53E+03,,,,366,3.971130371,6.33E+00
367,7.86E+02,1.54E+03,,,,367,0,1.02E+01
368,7.98E+02,1.54E+03,,,,368,12.24676514,8.75E+00
369,8.05E+02,1.55E+03,,,,369,7.057067871,7.42E+00
370,8.23E+02,1.56E+03,,,,370,18.2243042,5.82E+00
371,8.23E+02,1.56E+03,,,,371,0,7.49E+00
372,8.22E+02,1.56E+03,,,,372,-1.004455566,-2.44E+00
373,8.22E+02,1.56E+03,,,,373,0,2.48E+00
374,8.22E+02,1.57E+03,,,,374,0,2.48E+00
375,8.22E+02,1.57E+03,,,,375,0,0.00E+00
376,8.42E+02,1.57E+03,,,,376,19.84857178,0.00E+00
377,8.42E+02,1.57E+03,,,,377,0,0.00E+00
378,8.42E+02,1.57E+03,,,,378,0,4.52E+00
379,8.50E+02,1.57E+03,,,,379,7.424255371,1.27E+00
380,8.54E+02,1.57E+03,,,,380,4.125427246,-1.39E-01
381,8.54E+02,1.58E+03,,,,381,0,5.01E+00
382,8.62E+02,1.59E+03,,,,382,8.36505127,1.52E+01
383,8.62E+02,1.61E+03,,,,383,0,1.20E+01
384,8.62E+02,1.62E+03,,,,384,0,1.54E+01
385,8.62E+02,1.63E+03,,,,385,0,7.09E+00
386,8.64E+02,1.64E+03,,,,386,1.544677734,1.09E+01
387,8.87E+02,1.65E+03,,,,387,22.87567139,1.29E+01
388,9.01E+02,1.67E+03,,,,388,14.26855469,1.35E+01
389,9.02E+02,1.68E+03,,,,389,1.241455078,1.04E+01
390,9.19E+02,1.68E+03,,,,390,16.78515625,7.64E+00
391,9.31E+02,1.70E+03,,,,391,12.6307373,1.28E+01
392,9.35E+02,1.71E+03,,,,392,3.42755127,9.88E+00
393,9.60E+02,1.71E+03,,,,393,25.25360107,5.16E+00
394,9.70E+02,1.71E+03,,,,394,10.1651001,1.58E+00
395,9.72E+02,1.71E+03,,,,395,1.851196289,1.34E+00
396,9.76E+02,1.71E+03,,,,396,3.99230957,6.83E-01
397,9.87E+02,1.72E+03,,,,397,11.12097168,2.24E+00
398,1.01E+03,1.72E+03,,,,398,22.25726318,4.50E+00
399,1.01E+03,1.72E+03,,,,399,2.114196777,-1.30E-01
400,1.02E+03,1.72E+03,,,,400,13.0668335,3.14E+00
401,1.02E+03,1.73E+03,,,,401,0.157348633,3.36E+00
402,1.02E+03,1.73E+03,,,,402,-0.226074219,3.85E+00
403,1.02E+03,1.74E+03,,,,403,0,5.62E+00
404,1.03E+03,1.74E+03,,,,404,0.714233398,4.98E+00
405,1.04E+03,1.75E+03,,,,405,12.30395508,4.42E+00
406,1.04E+03,1.75E+03,,,,406,0,4.91E+00
407,1.04E+03,1.76E+03,,,,407,0.593994141,5.85E+00
408,1.04E+03,1.76E+03,,,,408,0,6.91E+00
409,1.04E+03,1.77E+03,,,,409,-0.510864258,7.08E+00
410,1.04E+03,1.78E+03,,,,410,2.015869141,7.02E+00
411,1.04E+03,1.78E+03,,,,411,0.081787109,4.94E+00
412,1.04E+03,1.79E+03,,,,412,0.797119141,4.58E+00
413,1.04E+03,1.79E+03,,,,413,-0.751098633,4.07E+00
414,1.04E+03,1.80E+03,,,,414,2.106933594,6.45E+00
415,1.06E+03,1.80E+03,,,,415,14.03112793,6.52E+00
416,1.06E+03,1.81E+03,,,,416,2.287719727,9.09E+00
417,1.07E+03,1.82E+03,,,,417,13.48962402,6.28E+00
418,1.08E+03,1.83E+03,,,,418,10.1439209,1.03E+01
419,1.08E+03,1.83E+03,,,,419,0,2.05E+00
420,1.08E+03,1.84E+03,,,,420,0,7.65E+00
421,1.10E+03,1.85E+03,,,,421,19.11340332,5.82E+00
422,1.10E+03,1.85E+03,,,,422,0,7.89E+00
423,1.10E+03,1.86E+03,,,,423,0,2.42E+00
424,1.10E+03,1.87E+03,,,,424,-3.698364258,1.09E+01
425,1.11E+03,1.87E+03,,,,425,12.02990723,6.10E+00
426,1.11E+03,1.88E+03,,,,426,0,7.28E+00
427,1.11E+03,1.89E+03,,,,427,-0.830444336,6.28E+00
428,1.11E+03,1.89E+03,,,,428,0.869506836,4.96E+00
429,1.11E+03,1.89E+03,,,,429,0,3.02E+00
430,1.11E+03,1.90E+03,,,,430,-0.899414063,7.67E+00
431,1.12E+03,1.90E+03,,,,431,13.91552734,1.72E+00
432,1.13E+03,1.91E+03,,,,432,11.46923828,6.17E+00
433,1.13E+03,1.92E+03,,,,433,0,7.42E+00
434,1.13E+03,1.93E+03,,,,434,-0.880004883,8.38E+00
435,1.13E+03,1.93E+03,,,,435,-0.034790039,7.28E+00
436,1.14E+03,1.94E+03,,,,436,9.966552734,8.01E+00
437,1.15E+03,1.95E+03,,,,437,11.03747559,7.24E+00
438,1.17E+03,1.96E+03,,,,438,12.49719238,6.79E+00
439,1.17E+03,1.96E+03,,,,439,0,6.17E+00
440,1.17E+03,1.97E+03,,,,440,-0.827270508,4.16E+00
441,1.18E+03,1.98E+03,,,,441,11.26269531,1.01E+01
442,1.19E+03,1.98E+03,,,,442,11.58679199,6.12E+00
443,1.22E+03,1.99E+03,,,,443,35.55505371,3.27E+00
444,1.25E+03,1.99E+03,,,,444,23.79052734,6.47E+00
445,1.26E+03,2.01E+03,,,,445,10.70043945,1.64E+01
446,1.26E+03,2.02E+03,,,,446,3.055908203,6.86E+00
447,1.28E+03,2.02E+03,,,,447,14.15222168,6.44E+00
448,1.29E+03,2.03E+03,,,,448,11.8404541,9.05E+00
449,1.32E+03,2.04E+03,,,,449,35.29724121,6.69E+00
450,1.34E+03,2.04E+03,,,,450,12.10339355,5.07E+00
451,1.35E+03,2.05E+03,,,,451,12.05114746,6.30E+00
452,1.36E+03,2.07E+03,,,,452,11.97595215,1.82E+01
453,1.38E+03,2.07E+03,,,,453,25.62329102,6.07E+00
454,1.40E+03,2.08E+03,,,,454,13.57189941,7.99E+00
455,1.42E+03,2.09E+03,,,,455,22.64001465,5.92E+00
456,1.44E+03,2.10E+03,,,,456,22.51123047,8.87E+00
457,1.47E+03,2.10E+03,,,,457,23.62585449,2.07E+00
458,1.48E+03,2.10E+03,,,,458,11.27783203,4.98E+00
459,1.52E+03,2.11E+03,,,,459,37.20825195,7.17E+00
460,1.53E+03,2.12E+03,,,,460,11.30444336,7.39E+00
461,1.53E+03,2.12E+03,,,,461,2.054077148,3.45E+00
462,1.53E+03,2.13E+03,,,,462,2.713378906,7.20E+00
463,1.53E+03,2.13E+03,,,,463,2.358154297,4.94E+00
464,1.53E+03,2.14E+03,,,,464,0,5.84E+00
465,1.53E+03,2.15E+03,,,,465,0,6.60E+00
466,1.54E+03,2.16E+03,,,,466,7.149658203,1.67E+01
467,1.55E+03,2.18E+03,,,,467,11.32336426,1.76E+01
468,1.56E+03,2.19E+03,,,,468,12.24035645,7.48E+00
469,1.59E+03,2.19E+03,,,,469,24.28222656,6.57E+00
470,1.59E+03,2.20E+03,,,,470,0,7.76E+00
471,1.59E+03,2.21E+03,,,,471,0,5.41E+00
472,1.59E+03,2.23E+03,,,,472,0,1.91E+01
473,1.58E+03,2.24E+03,,,,473,-4.765014648,1.02E+01
474,1.59E+03,2.23E+03,,,,474,7.66809082,-2.14E+00
475,1.59E+03,2.23E+03,,,,475,0,-8.19E+00
476,1.59E+03,2.21E+03,,,,476,0,-1.15E+01
477,1.59E+03,2.22E+03,,,,477,0,3.34E+00
478,1.59E+03,2.22E+03,,,,478,-3.183105469,0.00E+00
479,1.59E+03,2.22E+03,,,,479,3.171020508,0.00E+00
480,1.61E+03,2.22E+03,,,,480,16.75268555,0.00E+00
481,1.61E+03,2.22E+03,,,,481,1.696899414,6.05E-01
482,1.63E+03,2.22E+03,,,,482,16.77038574,5.92E+00
483,1.63E+03,2.22E+03,,,,483,7.629516602,-5.04E+00
484,1.63E+03,2.22E+03,,,,484,0,-1.58E+00
485,1.63E+03,2.22E+03,,,,485,0,3.29E+00
486,1.63E+03,2.21E+03,,,,486,-3.485107422,-8.26E+00
487,1.63E+03,2.21E+03,,,,487,0,0.00E+00
488,1.63E+03,2.21E+03,,,,488,0,0.00E+00
489,1.63E+03,2.21E+03,,,,489,0,0.00E+00
490,1.66E+03,2.21E+03,,,,490,30.64306641,-5.50E+00
491,1.66E+03,2.20E+03,,,,491,0,-2.43E+00
492,1.67E+03,2.20E+03,,,,492,5.72277832,0.00E+00
493,1.67E+03,2.20E+03,,,,493,0,0.00E+00
494,1.67E+03,2.20E+03,,,,494,0,0.00E+00
495,1.67E+03,2.19E+03,,,,495,0,-1.38E+01
496,1.67E+03,2.19E+03,,,,496,6.786743164,-3.59E+00
497,1.67E+03,2.19E+03,,,,497,0,0.00E+00
498,1.67E+03,2.19E+03,,,,498,0,0.00E+00
499,1.69E+03,2.19E+03,,,,499,19.92211914,0.00E+00
500,1.70E+03,2.19E+03,,,,500,7.82019043,9.52E-03
501,1.71E+03,2.19E+03,,,,501,3.393310547,5.10E+00
502,1.72E+03,2.19E+03,,,,502,11.24914551,0.00E+00
503,1.72E+03,2.19E+03,,,,503,0,0.00E+00
504,1.72E+03,2.19E+03,,,,504,0,0.00E+00
505,1.72E+03,2.19E+03,,,,505,0,-2.26E+00
506,1.71E+03,2.20E+03,,,,506,-4.510253906,1.35E+01
507,1.71E+03,2.21E+03,,,,507,0,5.48E+00
508,1.71E+03,2.22E+03,,,,508,0,5.94E+00
509,1.71E+03,2.20E+03,,,,509,0,-1.09E+01
510,1.71E+03,2.21E+03,,,,510,1.244140625,1.83E+00
511,1.73E+03,2.21E+03,,,,511,17.10510254,3.64E+00
512,1.74E+03,2.21E+03,,,,512,5.152099609,1.53E+00
513,1.74E+03,2.22E+03,,,,513,0,8.49E+00
514,1.75E+03,2.22E+03,,,,514,18.36645508,2.41E+00
515,1.75E+03,2.23E+03,,,,515,0,2.93E+00
516,1.75E+03,2.22E+03,,,,516,0,-7.15E+00
517,1.75E+03,2.23E+03,,,,517,0,1.18E+01
518,1.75E+03,2.25E+03,,,,518,-6.713012695,1.78E+01
519,1.75E+03,2.25E+03,,,,519,0,6.41E+00
520,1.75E+03,2.25E+03,,,,520,0,-7.23E-01
521,1.75E+03,2.25E+03,,,,521,0,-3.26E+00
522,1.74E+03,2.24E+03,,,,522,-5.764038086,-6.80E+00
523,1.75E+03,2.24E+03,,,,523,7.060913086,-1.41E+00
524,1.75E+03,2.24E+03,,,,524,5.612304688,0.00E+00
525,1.77E+03,2.24E+03,,,,525,16.05981445,0.00E+00
526,1.77E+03,2.24E+03,,,,526,0,0.00E+00
527,1.77E+03,2.24E+03,,,,527,0,-1.97E+00
528,1.77E+03,2.24E+03,,,,528,0,9.05E-01
529,1.76E+03,2.24E+03,,,,529,-7.907104492,0.00E+00
530,1.78E+03,2.25E+03,,,,530,14.43896484,6.14E+00
531,1.78E+03,2.25E+03,,,,531,0,9.14E-01
532,1.78E+03,2.25E+03,,,,532,0,0.00E+00
533,1.78E+03,2.25E+03,,,,533,0,0.00E+00
534,1.77E+03,2.25E+03,,,,534,-2.893798828,0.00E+00
535,1.78E+03,2.24E+03,,,,535,3.762573242,-5.59E+00
536,1.79E+03,2.24E+03,,,,536,11.69006348,0.00E+00
537,1.79E+03,2.24E+03,,,,537,0,0.00E+00
538,1.81E+03,2.24E+03,,,,538,19.47375488,0.00E+00
539,1.81E+03,2.24E+03,,,,539,0.316772461,-5.41E+00
540,1.82E+03,2.24E+03,,,,540,11.18884277,8.19E+00
541,1.84E+03,2.25E+03,,,,541,22.35546875,2.76E+00
542,1.84E+03,2.25E+03,,,,542,1.399536133,0.00E+00
543,1.86E+03,2.25E+03,,,,543,13.34741211,0.00E+00
544,1.86E+03,2.25E+03,,,,544,1.123657227,0.00E+00
545,1.86E+03,2.25E+03,,,,545,0,2.14E+00
546,1.87E+03,2.26E+03,,,,546,8.037231445,6.25E+00
547,1.87E+03,2.25E+03,,,,547,0.74206543,-6.78E+00
548,1.87E+03,2.26E+03,,,,548,2.241333008,1.37E+01
549,1.87E+03,2.28E+03,,,,549,2.369140625,2.05E+01
550,1.87E+03,2.28E+03,,,,550,2.781982422,0.00E+00
551,1.88E+03,2.28E+03,,,,551,3.136108398,0.00E+00
552,1.89E+03,2.28E+03,,,,552,10.54663086,0.00E+00
553,1.90E+03,2.28E+03,,,,553,11.03808594,-4.71E+00
554,1.92E+03,2.30E+03,,,,554,21.6796875,2.12E+01
555,1.93E+03,2.30E+03,,,,555,12.81005859,-4.51E+00
556,1.94E+03,2.30E+03,,,,556,1.561279297,4.14E+00
557,1.95E+03,2.29E+03,,,,557,11.2442627,-6.71E+00
558,1.97E+03,2.30E+03,,,,558,22.12805176,9.18E+00
559,1.97E+03,2.31E+03,,,,559,0.870117188,1.28E+01
560,1.98E+03,2.32E+03,,,,560,11.82250977,8.83E+00
561,1.99E+03,2.34E+03,,,,561,11.52404785,1.20E+01
562,2.00E+03,2.33E+03,,,,562,11.67358398,-9.52E-01
563,2.01E+03,2.33E+03,,,,563,9.807128906,3.29E-01
564,2.01E+03,2.35E+03,,,,564,0,1.41E+01
565,2.01E+03,2.35E+03,,,,565,0.130859375,-1.16E+00
566,2.03E+03,2.36E+03,,,,566,13.44091797,1.56E+01
567,2.03E+03,2.37E+03,,,,567,0.962646484,3.67E+00
568,2.05E+03,2.38E+03,,,,568,24.11413574,1.52E+01
569,2.08E+03,2.39E+03,,,,569,26.55908203,7.74E+00
570,2.08E+03,2.40E+03,,,,570,1.086181641,5.18E+00
571,2.08E+03,2.40E+03,,,,571,1.183837891,3.18E+00
572,2.08E+03,2.40E+03,,,,572,1.200683594,3.22E+00
573,2.08E+03,2.41E+03,,,,573,1.584960938,7.70E+00
574,2.12E+03,2.41E+03,,,,574,34.19799805,-1.99E+00
575,2.12E+03,2.42E+03,,,,575,1.195068359,1.72E+01
576,2.14E+03,2.42E+03,,,,576,22.01831055,-9.31E-01
577,2.15E+03,2.41E+03,,,,577,11.86791992,-9.56E+00
578,2.18E+03,2.41E+03,,,,578,22.69311523,0.00E+00
579,2.19E+03,2.41E+03,,,,579,12.41162109,0.00E+00
580,2.19E+03,2.41E+03,,,,580,0,0.00E+00
581,2.21E+03,2.41E+03,,,,581,20.76147461,-6.82E+00
582,2.22E+03,2.42E+03,,,,582,14.91088867,1.16E+01
583,2.23E+03,2.42E+03,,,,583,1.377441406,0.00E+00
584,2.24E+03,2.42E+03,,,,584,12.21044922,0.00E+00
585,2.26E+03,2.42E+03,,,,585,24.09887695,0.00E+00
586,2.30E+03,2.42E+03,,,,586,33.39379883,-1.35E-01
587,2.33E+03,2.43E+03,,,,587,35.34863281,1.05E+01
588,2.36E+03,2.43E+03,,,,588,23.94628906,-3.78E+00
589,2.37E+03,2.43E+03,,,,589,13.43505859,0.00E+00
590,2.39E+03,2.43E+03,,,,590,23.70043945,0.00E+00
591,2.40E+03,2.43E+03,,,,591,11.08496094,0.00E+00
592,2.44E+03,2.43E+03,,,,592,33.63696289,9.39E+00
593,2.46E+03,2.44E+03,,,,593,22.35791016,7.83E+00
594,2.46E+03,2.45E+03,,,,594,3.534423828,1.11E+01
595,2.46E+03,2.46E+03,,,,595,1.137695313,2.24E+00
596,2.47E+03,2.47E+03,,,,596,10.44091797,1.06E+01
597,2.49E+03,2.46E+03,,,,597,13.90991211,-8.91E+00
598,2.49E+03,2.46E+03,,,,598,1.140136719,-1.03E-02
599,2.51E+03,2.46E+03,,,,599,22.22607422,6.45E+00
600,2.52E+03,2.46E+03,,,,600,11.71655273,0.00E+00
601,2.53E+03,2.46E+03,,,,601,9.542236328,-2.22E+00
602,2.53E+03,2.47E+03,,,,602,0.344238281,5.44E+00
603,2.54E+03,2.47E+03,,,,603,10.61987305,0.00E+00
604,2.58E+03,2.46E+03,,,,604,32.79125977,-3.26E+00
605,2.60E+03,2.47E+03,,,,605,22.65551758,9.35E+00
606,2.61E+03,2.48E+03,,,,606,10.62988281,7.85E+00
607,2.62E+03,2.49E+03,,,,607,10.03955078,4.24E+00
608,2.63E+03,2.49E+03,,,,608,11.61376953,4.91E+00
609,2.65E+03,2.50E+03,,,,609,21.1574707,7.80E+00
610,2.68E+03,2.50E+03,,,,610,22.61376953,0.00E+00
611,2.68E+03,2.50E+03,,,,611,0.151367188,0.00E+00
612,2.68E+03,2.50E+03,,,,612,5.179199219,5.64E+00
613,2.70E+03,2.51E+03,,,,613,22.1574707,8.66E+00
614,2.71E+03,2.52E+03,,,,614,11.65576172,5.07E+00
615,2.73E+03,2.52E+03,,,,615,12.03515625,1.71E+00
616,2.76E+03,2.52E+03,,,,616,33.16845703,0.00E+00
617,2.78E+03,2.52E+03,,,,617,22.46948242,0.00E+00
618,2.80E+03,2.52E+03,,,,618,14.9453125,-3.70E+00
619,2.81E+03,2.51E+03,,,,619,11.16137695,-3.51E+00
620,2.83E+03,2.51E+03,,,,620,24.25585938,-3.35E-01
621,2.86E+03,2.52E+03,,,,621,23.54077148,4.95E+00
622,2.87E+03,2.52E+03,,,,622,13.66992188,0.00E+00
623,2.88E+03,2.52E+03,,,,623,10.84155273,0.00E+00
624,2.88E+03,2.52E+03,,,,624,-0.076171875,1.93E+00
625,2.88E+03,2.53E+03,,,,625,0,9.45E+00
626,2.88E+03,2.53E+03,,,,626,0,4.93E+00
627,2.88E+03,2.55E+03,,,,627,0,1.48E+01
628,2.88E+03,2.55E+03,,,,628,-3.395263672,-2.86E-01
629,2.88E+03,2.55E+03,,,,629,0,0.00E+00
630,2.92E+03,2.55E+03,,,,630,38.66479492,0.00E+00
631,2.92E+03,2.55E+03,,,,631,8.283447266,0.00E+00
632,2.92E+03,2.55E+03,,,,632,0,3.04E+00
633,2.94E+03,2.55E+03,,,,633,14.58374023,2.13E+00
634,2.94E+03,2.56E+03,,,,634,0,1.01E+01
635,2.94E+03,2.57E+03,,,,635,0,6.58E+00
636,2.94E+03,2.59E+03,,,,636,0,1.73E+01
637,2.93E+03,2.59E+03,,,,637,-5.606201172,5.66E+00
638,2.95E+03,2.59E+03,,,,638,21.2512207,-6.47E-01
639,2.98E+03,2.59E+03,,,,639,20.78955078,0.00E+00
640,2.98E+03,2.59E+03,,,,640,0,0.00E+00
641,2.98E+03,2.59E+03,,,,641,0,-5.11E+00
642,2.98E+03,2.60E+03,,,,642,0,1.64E+01
643,2.97E+03,2.61E+03,,,,643,-5.395019531,8.47E+00
644,2.99E+03,2.62E+03,,,,644,20.59326172,6.34E+00
645,2.99E+03,2.63E+03,,,,645,0,1.26E+01
646,2.99E+03,2.65E+03,,,,646,0,2.01E+01
647,2.99E+03,2.65E+03,,,,647,0,-2.34E+00
648,2.99E+03,2.65E+03,,,,648,-3.637939453,6.21E+00
649,2.99E+03,2.65E+03,,,,649,0,0.00E+00
650,2.99E+03,2.65E+03,,,,650,0,0.00E+00
651,2.99E+03,2.66E+03,,,,651,0,6.24E+00
652,2.98E+03,2.67E+03,,,,652,-5.505371094,1.14E+01
653,2.98E+03,2.68E+03,,,,653,0,1.20E+01
654,2.98E+03,2.69E+03,,,,654,0,4.90E+00
655,2.98E+03,2.69E+03,,,,655,0,4.04E+00
656,2.98E+03,2.71E+03,,,,656,-4.893798828,1.79E+01
657,2.98E+03,2.72E+03,,,,657,0,8.25E+00
658,3.00E+03,2.71E+03,,,,658,21.08862305,-6.57E+00
659,3.01E+03,2.72E+03,,,,659,16.80078125,1.03E+01
660,3.02E+03,2.72E+03,,,,660,5.880126953,-7.35E-02
661,3.03E+03,2.72E+03,,,,661,9.934814453,5.83E-02
662,3.03E+03,2.73E+03,,,,662,0,5.27E+00
663,3.03E+03,2.74E+03,,,,663,0,1.22E+01
664,3.03E+03,2.76E+03,,,,664,0,2.15E+01
665,3.03E+03,2.77E+03,,,,665,-3.310302734,1.20E+01
666,3.04E+03,2.77E+03,,,,666,10.72094727,0.00E+00
667,3.04E+03,2.78E+03,,,,667,0,1.08E+00
668,3.06E+03,2.78E+03,,,,668,19.82641602,9.83E+00
669,3.06E+03,2.79E+03,,,,669,7.411376953,4.61E+00
670,3.09E+03,2.79E+03,,,,670,25.3269043,4.14E+00
671,3.10E+03,2.79E+03,,,,671,8.580810547,0.00E+00
672,3.12E+03,2.79E+03,,,,672,17.70727539,-1.77E-01
673,3.12E+03,2.81E+03,,,,673,0,1.47E+01
674,3.12E+03,2.81E+03,,,,674,0,4.64E+00
675,3.12E+03,2.82E+03,,,,675,0,1.22E+01
676,3.12E+03,2.83E+03,,,,676,6.852294922,9.83E+00
677,3.14E+03,2.84E+03,,,,677,17.29833984,6.78E+00
678,3.15E+03,2.84E+03,,,,678,7.729736328,0.00E+00
679,3.15E+03,2.84E+03,,,,679,0,0.00E+00
680,3.15E+03,2.84E+03,,,,680,0,0.00E+00
681,3.15E+03,2.84E+03,,,,681,0,-5.78E+00
682,3.14E+03,2.84E+03,,,,682,-6.168212891,0.00E+00
683,3.15E+03,2.84E+03,,,,683,3.921875,0.00E+00
684,3.15E+03,2.84E+03,,,,684,0,0.00E+00
685,3.15E+03,2.83E+03,,,,685,0,-4.45E+00
686,3.15E+03,2.83E+03,,,,686,0,-1.81E+00
687,3.16E+03,2.84E+03,,,,687,11.29516602,6.70E+00
688,3.16E+03,2.84E+03,,,,688,4.798828125,5.03E+00
689,3.16E+03,2.86E+03,,,,689,0,1.52E+01
690,3.16E+03,2.86E+03,,,,690,0,2.55E+00
691,3.16E+03,2.87E+03,,,,691,0,7.56E+00
692,3.16E+03,2.87E+03,,,,692,-5.532714844,-1.41E+00
693,3.16E+03,2.88E+03,,,,693,6.683349609,1.92E+01
694,3.16E+03,2.89E+03,,,,694,0,8.78E+00
695,3.18E+03,2.89E+03,,,,695,15.890625,-4.82E+00
696,3.19E+03,2.89E+03,,,,696,6.756347656,0.00E+00
697,3.19E+03,2.89E+03,,,,697,4.450195313,0.00E+00
698,3.19E+03,2.88E+03,,,,698,2.668457031,-5.11E+00
699,3.19E+03,2.89E+03,,,,699,0,1.11E+01
700,3.19E+03,2.90E+03,,,,700,0,9.20E+00
701,3.19E+03,2.92E+03,,,,701,-5.491455078,1.22E+01
702,3.19E+03,2.93E+03,,,,702,0,1.60E+01
703,3.19E+03,2.94E+03,,,,703,5.530029297,5.92E+00
704,3.19E+03,2.94E+03,,,,704,0,4.30E+00
705,3.19E+03,2.94E+03,,,,705,0,1.51E+00
706,3.19E+03,2.96E+03,,,,706,-6.183349609,1.56E+01
707,3.19E+03,2.96E+03,,,,707,-0.002685547,3.13E+00
708,3.19E+03,2.98E+03,,,,708,2.544677734,1.97E+01
709,3.19E+03,2.99E+03,,,,709,0,6.67E+00
710,3.19E+03,3.00E+03,,,,710,0,1.10E+01
711,3.19E+03,3.02E+03,,,,711,0,1.57E+01
712,3.19E+03,3.03E+03,,,,712,-3.174316406,1.62E+01
713,3.20E+03,3.04E+03,,,,713,13.13769531,3.58E+00
714,3.20E+03,3.04E+03,,,,714,0,0.00E+00
715,3.20E+03,3.04E+03,,,,715,0,0.00E+00
716,3.20E+03,3.03E+03,,,,716,-0.1484375,-3.43E+00
717,3.20E+03,3.04E+03,,,,717,3.478027344,5.72E+00
718,3.20E+03,3.05E+03,,,,718,1.453369141,1.46E+01
719,3.20E+03,3.05E+03,,,,719,0,2.60E+00
720,3.21E+03,3.07E+03,,,,720,9.120361328,1.16E+01
721,3.23E+03,3.07E+03,,,,721,12.12231445,-6.23E-01
722,3.23E+03,3.08E+03,,,,722,0.469238281,1.34E+01
723,3.23E+03,3.09E+03,,,,723,0,1.29E+01
724,3.23E+03,3.10E+03,,,,724,0,6.17E+00
725,3.23E+03,3.10E+03,,,,725,8.182861328,2.59E+00
726,3.24E+03,3.11E+03,,,,726,2.541503906,9.31E+00
727,3.24E+03,3.13E+03,,,,727,0,1.71E+01
728,3.25E+03,3.13E+03,,,,728,10.58740234,1.35E-01
729,3.26E+03,3.16E+03,,,,729,10.96508789,2.89E+01
730,3.27E+03,3.17E+03,,,,730,12.42749023,1.42E+01
731,3.29E+03,3.17E+03,,,,731,22.81640625,0.00E+00
732,3.31E+03,3.17E+03,,,,732,12.36206055,0.00E+00
733,3.34E+03,3.18E+03,,,,733,33.1953125,1.01E+01
734,3.34E+03,3.18E+03,,,,734,1.596679688,-5.31E-01
735,3.35E+03,3.19E+03,,,,735,11.33935547,5.52E+00
736,3.35E+03,3.19E+03,,,,736,2.459472656,3.47E+00
737,3.37E+03,3.20E+03,,,,737,11.40795898,1.25E+01
738,3.38E+03,3.21E+03,,,,738,10.48486328,1.26E+01
739,3.40E+03,3.21E+03,,,,739,24.13549805,-1.00E-01
740,3.42E+03,3.21E+03,,,,740,15.0690918,0.00E+00
741,3.43E+03,3.21E+03,,,,741,11.98217773,0.00E+00
742,3.44E+03,3.21E+03,,,,742,11.49951172,-6.63E+00
743,3.45E+03,3.21E+03,,,,743,11.96972656,1.58E+00
744,3.45E+03,3.20E+03,,,,744,0,-4.39E+00
745,3.45E+03,3.22E+03,,,,745,0.361572266,1.77E+01
746,3.46E+03,3.22E+03,,,,746,11.57446289,1.96E+00
747,3.46E+03,3.22E+03,,,,747,0.818115234,0.00E+00
748,3.47E+03,3.23E+03,,,,748,9.615966797,3.37E+00
749,3.50E+03,3.25E+03,,,,749,22.19946289,1.89E+01
750,3.51E+03,3.26E+03,,,,750,11.41870117,8.81E+00
751,3.53E+03,3.26E+03,,,,751,23.47045898,8.12E+00
752,3.55E+03,3.27E+03,,,,752,22.77758789,1.11E+01
753,3.58E+03,3.28E+03,,,,753,22.29785156,5.42E+00
754,3.58E+03,3.29E+03,,,,754,0,1.18E+01
755,3.60E+03,3.30E+03,,,,755,20.68334961,7.87E+00
756,3.61E+03,3.30E+03,,,,756,11.63720703,-2.45E+00
757,3.63E+03,3.31E+03,,,,757,24.0859375,1.02E+01
758,3.63E+03,3.31E+03,,,,758,0,2.57E+00
759,3.63E+03,3.32E+03,,,,759,0,1.10E+01
760,3.63E+03,3.34E+03,,,,760,0,1.49E+01
761,3.63E+03,3.34E+03,,,,761,-3.013183594,6.56E+00
762,3.64E+03,3.36E+03,,,,762,11.15454102,1.26E+01
763,3.65E+03,3.36E+03,,,,763,14.77001953,6.09E+00
764,3.67E+03,3.37E+03,,,,764,12.99194336,1.02E+01
765,3.68E+03,3.39E+03,,,,765,12.68066406,1.46E+01
766,3.68E+03,3.40E+03,,,,766,0,1.49E+01
767,3.69E+03,3.40E+03,,,,767,10.12768555,3.08E+00
768,3.69E+03,3.41E+03,,,,768,-0.932617188,1.04E+01
769,3.72E+03,3.43E+03,,,,769,33.29541016,1.28E+01
770,3.74E+03,3.44E+03,,,,770,12.07861328,1.63E+01
771,3.74E+03,3.47E+03,,,,771,1.709472656,2.41E+01
772,3.76E+03,3.47E+03,,,,772,21.80273438,3.96E+00
773,3.76E+03,3.47E+03,,,,773,2.474365234,3.19E+00
774,3.78E+03,3.48E+03,,,,774,21.11621094,1.01E+01
775,3.79E+03,3.49E+03,,,,775,10.87451172,6.44E+00
776,3.79E+03,3.49E+03,,,,776,0,-1.13E+00
777,3.79E+03,3.50E+03,,,,777,0,1.39E+01
778,3.80E+03,3.52E+03,,,,778,6.711181641,1.12E+01
779,3.83E+03,3.53E+03,,,,779,27.74902344,1.06E+01
780,3.84E+03,3.54E+03,,,,780,17.02856445,1.82E+01
781,3.86E+03,3.56E+03,,,,781,14.30908203,1.54E+01
782,3.89E+03,3.57E+03,,,,782,34.36547852,9.54E+00
783,3.92E+03,3.58E+03,,,,783,31.6809082,7.51E+00
784,3.95E+03,3.58E+03,,,,784,22.28955078,6.83E+00
785,3.98E+03,3.60E+03,,,,785,28.60595703,1.74E+01
786,3.98E+03,3.60E+03,,,,786,0,3.79E-01
787,3.98E+03,3.62E+03,,,,787,0,1.69E+01
788,3.98E+03,3.63E+03,,,,788,0,8.06E+00
789,3.98E+03,3.64E+03,,,,789,0.371582031,1.15E+01
790,3.98E+03,3.65E+03,,,,790,0,8.50E+00
791,3.98E+03,3.65E+03,,,,791,0,2.40E+00
792,3.98E+03,3.64E+03,,,,792,0,-7.83E+00
793,3.97E+03,3.65E+03,,,,793,-5.801757813,9.48E+00
794,3.99E+03,3.66E+03,,,,794,20.52001953,5.82E+00
795,4.00E+03,3.67E+03,,,,795,11.84033203,1.13E+01
796,4.02E+03,3.68E+03,,,,796,17.3269043,1.25E+01
797,4.05E+03,3.69E+03,,,,797,25.13769531,7.93E+00
798,4.06E+03,3.69E+03,,,,798,16.95263672,6.53E+00
799,4.06E+03,3.71E+03,,,,799,0,1.21E+01
800,4.06E+03,3.71E+03,,,,800,0,-7.31E-01
801,4.06E+03,3.71E+03,,,,801,0,0.00E+00
802,4.06E+03,3.71E+03,,,,802,1.313476563,0.00E+00
803,4.07E+03,3.71E+03,,,,803,5.226074219,0.00E+00
804,4.08E+03,3.71E+03,,,,804,7.845703125,5.59E+00
805,4.08E+03,3.72E+03,,,,805,0,9.22E+00
806,4.08E+03,3.73E+03,,,,806,0,4.49E+00
807,4.07E+03,3.73E+03,,,,807,-5.332519531,3.75E+00
808,4.07E+03,3.74E+03,,,,808,0,8.33E+00
809,4.07E+03,3.74E+03,,,,809,0,0.00E+00
810,4.07E+03,3.74E+03,,,,810,0,0.00E+00
811,4.07E+03,3.74E+03,,,,811,-5.621826172,0.00E+00
812,4.08E+03,3.75E+03,,,,812,17.14282227,1.42E+01
813,4.08E+03,3.76E+03,,,,813,0,6.14E+00
814,4.08E+03,3.76E+03,,,,814,0,1.25E+00
815,4.08E+03,3.76E+03,,,,815,0,1.05E+00
816,4.11E+03,3.76E+03,,,,816,22.52612305,3.47E+00
817,4.11E+03,3.77E+03,,,,817,0,4.20E+00
818,4.11E+03,3.78E+03,,,,818,0,1.01E+01
819,4.11E+03,3.78E+03,,,,819,0,-1.29E+00
820,4.10E+03,3.78E+03,,,,820,-5.919921875,4.18E+00
821,4.10E+03,3.79E+03,,,,821,0,5.08E+00
822,4.10E+03,3.80E+03,,,,822,0,1.93E+01
823,4.10E+03,3.80E+03,,,,823,0,-1.40E-01
824,4.09E+03,3.81E+03,,,,824,-5.202148438,1.03E+01
825,4.11E+03,3.83E+03,,,,825,13.17675781,1.63E+01
826,4.12E+03,3.85E+03,,,,826,7.805664063,2.00E+01
827,4.12E+03,3.85E+03,,,,827,0,-1.11E+00
828,4.12E+03,3.85E+03,,,,828,0,4.48E+00
829,4.12E+03,3.86E+03,,,,829,0,4.02E+00
830,4.11E+03,3.87E+03,,,,830,-5.1953125,1.44E+01
831,4.15E+03,3.88E+03,,,,831,36.17724609,5.44E+00
832,4.15E+03,3.87E+03,,,,832,1.960449219,-4.29E+00
833,4.18E+03,3.89E+03,,,,833,27.58447266,1.61E+01
834,4.18E+03,3.89E+03,,,,834,0,3.63E-01
835,4.18E+03,3.89E+03,,,,835,0,3.44E+00
836,4.18E+03,3.90E+03,,,,836,0,3.92E+00
837,4.17E+03,3.91E+03,,,,837,-4.856445313,1.45E+01
838,4.17E+03,3.92E+03,,,,838,3.893066406,4.68E+00
839,4.18E+03,3.91E+03,,,,839,8.497558594,-2.32E+00
840,4.18E+03,3.92E+03,,,,840,0,6.60E+00
841,4.18E+03,3.94E+03,,,,841,0,1.80E+01
842,4.18E+03,3.95E+03,,,,842,0,9.11E+00
843,4.18E+03,3.96E+03,,,,843,-4.92578125,1.34E+01
844,4.18E+03,3.97E+03,,,,844,0,6.75E+00
845,4.18E+03,3.98E+03,,,,845,0,7.72E+00
846,4.20E+03,3.99E+03,,,,846,23.99414063,1.67E+01
847,4.20E+03,4.01E+03,,,,847,0,1.44E+01
848,4.20E+03,4.02E+03,,,,848,0,1.73E+01
849,4.20E+03,4.03E+03,,,,849,0,9.11E+00
850,4.20E+03,4.04E+03,,,,850,-5.565429688,7.28E+00
851,4.21E+03,4.05E+03,,,,851,17.47705078,1.36E+01
852,4.22E+03,4.06E+03,,,,852,8.685546875,9.07E+00
853,4.22E+03,4.06E+03,,,,853,0,0.00E+00
854,4.22E+03,4.06E+03,,,,854,0,9.17E-01
855,4.22E+03,4.07E+03,,,,855,0,7.72E+00
856,4.22E+03,4.08E+03,,,,856,-4.212402344,4.30E+00
857,4.23E+03,4.08E+03,,,,857,11.71582031,3.22E+00
858,4.25E+03,4.08E+03,,,,858,16.76611328,4.16E+00
859,4.28E+03,4.10E+03,,,,859,33.90625,1.38E+01
860,4.30E+03,4.11E+03,,,,860,22.54541016,8.31E+00
861,4.33E+03,4.11E+03,,,,861,24.38330078,4.81E+00
862,4.34E+03,4.12E+03,,,,862,12.08740234,5.69E+00
863,4.36E+03,4.13E+03,,,,863,23.12988281,1.27E+01
864,4.37E+03,4.13E+03,,,,864,11.11083984,3.72E+00
865,4.37E+03,4.15E+03,,,,865,0,1.37E+01
866,4.40E+03,4.16E+03,,,,866,20.76416016,1.12E+01
867,4.41E+03,4.17E+03,,,,867,11.140625,9.17E+00
868,4.43E+03,4.18E+03,,,,868,25.21728516,9.03E+00
869,4.47E+03,4.18E+03,,,,869,34.35546875,6.85E+00
870,4.48E+03,4.18E+03,,,,870,11.00732422,0.00E+00
871,4.49E+03,4.18E+03,,,,871,15.61816406,-1.56E+00
872,4.52E+03,4.18E+03,,,,872,23.83398438,2.37E+00
873,4.53E+03,4.19E+03,,,,873,10.88525391,7.52E+00
874,4.54E+03,4.20E+03,,,,874,12.05029297,1.32E+01
875,4.55E+03,4.21E+03,,,,875,13.01904297,3.85E+00
876,4.57E+03,4.21E+03,,,,876,13.56884766,3.40E+00
877,4.57E+03,4.22E+03,,,,877,0,3.77E+00
878,4.57E+03,4.22E+03,,,,878,0,4.68E+00
879,4.57E+03,4.23E+03,,,,879,0,4.78E+00
880,4.56E+03,4.23E+03,,,,880,-1.896484375,5.46E+00
881,4.59E+03,4.23E+03,,,,881,22.37109375,2.24E+00
882,4.60E+03,4.23E+03,,,,882,12.59423828,1.84E+00
883,4.62E+03,4.24E+03,,,,883,23.3828125,3.31E+00
884,4.63E+03,4.24E+03,,,,884,10.12890625,2.84E+00
885,4.65E+03,4.24E+03,,,,885,22.54541016,2.87E+00
886,4.65E+03,4.25E+03,,,,886,-0.397460938,3.50E+00
887,4.67E+03,4.25E+03,,,,887,13.81542969,5.25E+00
888,4.68E+03,4.26E+03,,,,888,11.61865234,2.98E+00
889,4.69E+03,4.26E+03,,,,889,11.80273438,4.17E+00
890,4.71E+03,4.27E+03,,,,890,22.16748047,5.34E+00
891,4.73E+03,4.27E+03,,,,891,14.08349609,5.60E+00
892,4.75E+03,4.27E+03,,,,892,25.51123047,4.20E+00
893,4.78E+03,4.28E+03,,,,893,22.60009766,5.39E+00
894,4.80E+03,4.29E+03,,,,894,23.64257813,4.88E+00
895,4.81E+03,4.29E+03,,,,895,11.15869141,4.40E+00
896,4.81E+03,4.29E+03,,,,896,0.311035156,4.97E+00
897,4.85E+03,4.30E+03,,,,897,34.96777344,2.49E+00
898,4.88E+03,4.30E+03,,,,898,34.10839844,2.03E+00
899,4.88E+03,4.31E+03,,,,899,2.00390625,6.51E+00
900,4.90E+03,4.31E+03,,,,900,22.23242188,4.13E+00
901,4.92E+03,4.31E+03,,,,901,12.96826172,1.72E+00
902,4.94E+03,4.32E+03,,,,902,22.09960938,7.15E+00
903,4.96E+03,4.32E+03,,,,903,25.12304688,6.15E+00
904,4.99E+03,4.33E+03,,,,904,23.98681641,3.67E+00
905,5.01E+03,4.34E+03,,,,905,23.39257813,6.87E+00
906,5.02E+03,4.34E+03,,,,906,12.046875,7.58E+00
907,5.05E+03,4.35E+03,,,,907,23.73974609,5.37E+00
908,5.07E+03,4.35E+03,,,,908,21.79589844,5.96E+00
909,5.09E+03,4.36E+03,,,,909,24.89111328,5.33E+00
910,5.09E+03,4.37E+03,,,,910,0.234375,5.81E+00
911,5.11E+03,4.37E+03,,,,911,13.08886719,6.09E+00
912,5.13E+03,4.38E+03,,,,912,23.19433594,7.79E+00
913,5.13E+03,4.39E+03,,,,913,1.813964844,6.94E+00
914,5.16E+03,4.40E+03,,,,914,25.90869141,1.74E+01
915,5.17E+03,4.41E+03,,,,915,15.78417969,5.82E+00
916,5.19E+03,4.41E+03,,,,916,13.59033203,5.54E+00
917,5.23E+03,4.42E+03,,,,917,44.46728516,5.81E+00
918,5.26E+03,4.43E+03,,,,918,25.60644531,6.23E+00
919,5.27E+03,4.43E+03,,,,919,12.65478516,7.61E+00
920,5.29E+03,4.44E+03,,,,920,14.43017578,4.03E+00
921,5.31E+03,4.44E+03,,,,921,23.47460938,4.23E+00
922,5.31E+03,4.45E+03,,,,922,0.926269531,6.77E+00
923,5.31E+03,4.45E+03,,,,923,0,5.32E+00
924,5.31E+03,4.46E+03,,,,924,0,5.43E+00
925,5.31E+03,4.47E+03,,,,925,0,4.76E+00
926,5.31E+03,4.47E+03,,,,926,-3.545898438,5.91E+00
927,5.34E+03,4.48E+03,,,,927,34.84863281,6.24E+00
928,5.37E+03,4.48E+03,,,,928,24.80615234,5.34E+00
929,5.38E+03,4.49E+03,,,,929,11.75878906,5.11E+00
930,5.39E+03,4.51E+03,,,,930,11.35791016,1.93E+01
931,5.41E+03,4.51E+03,,,,931,22.21923828,3.88E+00
932,5.41E+03,4.52E+03,,,,932,1.608886719,5.91E+00
933,5.44E+03,4.53E+03,,,,933,22.27050781,9.42E+00
934,5.44E+03,4.53E+03,,,,934,0,7.48E+00
935,5.46E+03,4.54E+03,,,,935,20.84082031,6.11E+00
936,5.49E+03,4.55E+03,,,,936,34.07177734,7.20E+00
937,5.50E+03,4.56E+03,,,,937,12.54443359,8.75E+00
938,5.52E+03,4.56E+03,,,,938,12.51269531,9.15E+00
939,5.53E+03,4.57E+03,,,,939,11.88720703,7.78E+00
940,5.55E+03,4.58E+03,,,,940,22.74707031,5.86E+00
941,5.56E+03,4.58E+03,,,,941,11.03613281,5.50E+00
942,5.57E+03,4.59E+03,,,,942,4.417480469,4.60E+00
943,5.57E+03,4.59E+03,,,,943,0,5.79E+00
944,5.57E+03,4.60E+03,,,,944,0,2.49E+00
945,5.57E+03,4.61E+03,,,,945,0,8.41E+00
946,5.56E+03,4.60E+03,,,,946,-6.127441406,-9.76E-01
947,5.56E+03,4.60E+03,,,,947,0,-5.72E+00
948,5.56E+03,4.60E+03,,,,948,0,0.00E+00
949,5.56E+03,4.60E+03,,,,949,0,3.56E+00
950,5.57E+03,4.60E+03,,,,950,9.393066406,-4.70E+00
951,5.57E+03,4.60E+03,,,,951,0,0.00E+00
952,5.57E+03,4.60E+03,,,,952,0,0.00E+00
953,5.57E+03,4.60E+03,,,,953,4.114257813,0.00E+00
954,5.57E+03,4.59E+03,,,,954,0,-4.86E+00
955,5.57E+03,4.59E+03,,,,955,0,0.00E+00
956,5.57E+03,4.59E+03,,,,956,0,0.00E+00
957,5.57E+03,4.59E+03,,,,957,-5.640625,0.00E+00
958,5.57E+03,4.59E+03,,,,958,0,-5.58E+00
959,5.57E+03,4.59E+03,,,,959,0,0.00E+00
960,5.57E+03,4.59E+03,,,,960,0,4.26E+00
961,5.56E+03,4.59E+03,,,,961,-6.21875,-3.49E+00
962,5.56E+03,4.59E+03,,,,962,0,0.00E+00
963,5.56E+03,4.59E+03,,,,963,0,0.00E+00
964,5.56E+03,4.59E+03,,,,964,0,0.00E+00
965,5.56E+03,4.58E+03,,,,965,-5.385253906,-5.01E+00
966,5.56E+03,4.59E+03,,,,966,0,5.78E+00
967,5.56E+03,4.59E+03,,,,967,0,1.20E-01
968,5.58E+03,4.59E+03,,,,968,22.08105469,0.00E+00
969,5.58E+03,4.59E+03,,,,969,0,0.00E+00
970,5.58E+03,4.57E+03,,,,970,0,-1.57E+01
971,5.58E+03,4.58E+03,,,,971,0,8.77E+00
972,5.59E+03,4.58E+03,,,,972,12.24658203,0.00E+00
973,5.59E+03,4.58E+03,,,,973,0,-3.91E+00
974,5.60E+03,4.58E+03,,,,974,9.666503906,-2.19E+00
975,5.60E+03,4.58E+03,,,,975,3.4609375,8.91E+00
976,5.62E+03,4.59E+03,,,,976,16.40087891,2.04E+00
977,5.64E+03,4.59E+03,,,,977,22.00439453,6.09E+00
978,5.64E+03,4.61E+03,,,,978,0,1.26E+01
979,5.64E+03,4.62E+03,,,,979,0,1.42E+01
980,5.64E+03,4.63E+03,,,,980,0,6.65E+00
981,5.64E+03,4.63E+03,,,,981,-3.711914063,5.81E+00
982,5.64E+03,4.64E+03,,,,982,0,8.19E+00
983,5.64E+03,4.65E+03,,,,983,0,5.73E+00
984,5.64E+03,4.65E+03,,,,984,0,1.87E+00
985,5.64E+03,4.65E+03,,,,985,0.941894531,1.84E+00
986,5.64E+03,4.63E+03,,,,986,0,-1.47E+01
987,5.64E+03,4.63E+03,,,,987,0,-2.65E+00
988,5.64E+03,4.64E+03,,,,988,0,1.23E+01
989,5.63E+03,4.64E+03,,,,989,-4.740234375,-5.98E+00
990,5.63E+03,4.64E+03,,,,990,0,0.00E+00
991,5.65E+03,4.64E+03,,,,991,21.36083984,0.00E+00
992,5.65E+03,4.64E+03,,,,992,0,0.00E+00
993,5.65E+03,4.63E+03,,,,993,0,-4.71E+00
994,5.65E+03,4.63E+03,,,,994,0,-3.06E-01
995,5.65E+03,4.63E+03,,,,995,-5.166015625,0.00E+00
996,5.65E+03,4.63E+03,,,,996,0,0.00E+00
997,5.65E+03,4.63E+03,,,,997,2.622558594,0.00E+00
998,5.65E+03,4.63E+03,,,,998,0,7.71E-01
999,5.65E+03,4.63E+03,,,,999,0,-8.26E+00
1000,5.65E+03,4.63E+03,,,,1000,-6.464355469,0.00E+00